,function,stars,watchers,forks,language,node_id
0,alexa-skills-kit-nodejs-factskill,999,137,1184,JavaScript,node1
1,hello-world,42,7,22,JavaScript,node1
2,alexa-skills-kit-nodejs-triviaskill,242,75,317,JavaScript,node1
3,alexa-skills-kit-nodejs-howtoskill,235,56,205,JavaScript,node1
4,Datadog-Log-Forwarder,143,173,217,Python,node1
5,microservice-http-endpoint,42,7,22,JavaScript,node1
6,alexa-skills-kit-color-expert-python,42,7,22,JavaScript,node1
7,alexa-skills-kit-color-expert,42,7,22,JavaScript,node1
8,hello-world-python3,42,7,22,JavaScript,node1
9,alexa-smart-home-skill-adapter,42,7,22,JavaScript,node1
10,image-magick-lambda-layer,67,5,39,JavaScript,node1
11,image-resizer-service,64,0,32,JavaScript,node1
12,alexa-skills-kit-python36-factskill,87,22,145,Python,node1
13,uploader,90,8,40,JavaScript,node1
14,api-gateway-dev-portal,528,35,181,JavaScript,node1
15,cloudfront-response-generation,42,7,22,JavaScript,node1
16,https-request,42,7,22,JavaScript,node1
17,api-lambda-save-dynamodb,36,3,10,JavaScript,node1
18,NewRelic-log-ingestion,13,20,16,Python,node1
19,standard-redirects-for-cloudfront,16,2,3,JavaScript,node1
20,api-lambda-send-email-ses,18,2,3,JavaScript,node1
21,ffmpeg-lambda-layer,103,10,21,JavaScript,node1
22,hello-world-python,42,7,22,JavaScript,node1
23,SecretsManagerRedshiftRotationSingleUser,62,15,64,Python,node1
24,alexa-skills-kit-nodejs-premium-facts-skill,53,25,56,JavaScript,node1
25,AmazonConnectSalesforceLambda,6,3,3,Python,node1
26,ALB-Lambda-Target-HelloWorld,211,22,67,Java,node1
27,cloudwatch-alarm-to-slack,42,7,22,JavaScript,node1
28,lambda-to-slack,5,1,5,Python,node1
29,aws-deployment-framework,248,34,77,Python,node1
30,serverless-todo,22,3,13,JavaScript,node1
31,alexa-skills-kit-nodejs-hello-world,153,56,258,JavaScript,node1
32,image-processing-service,42,7,22,JavaScript,node1
33,amazon-cognito-passwordless-email-auth,83,5,31,TypeScript,node1
34,alexa-skills-kit-nodejs-basic-welcome,1,0,0,JavaScript,node1
35,sqs-poller,42,7,22,JavaScript,node1
36,api-gateway-authorizer-nodejs,42,7,22,JavaScript,node1
37,AthenaCloudwatchConnector,89,21,17,Java,node1
38,AthenaDynamoDBConnector,89,21,17,Java,node1
39,cloudfront-authorization-at-edge,45,7,13,TypeScript,node1
40,s3-lambda-save-dynamodb,10,2,1,JavaScript,node1
41,cloudwatch-alarm-to-slack-python3,42,7,22,JavaScript,node1
42,simple-mobile-backend,42,7,22,JavaScript,node1
43,lambda-layer-awscli,50,3,15,Makefile,node1
44,SecretsManagerMongoDBRotationSingleUser,62,15,64,Python,node1
45,sns-message,42,7,22,JavaScript,node1
46,microservice-http-endpoint-python,42,7,22,JavaScript,node1
47,s3-get-object,42,7,22,JavaScript,node1
48,hello-go-serverless-webapp,19,3,4,Go,node1
49,microservice-http-endpoint-python3,42,7,22,JavaScript,node1
50,cloudfront-modify-response-header,42,7,22,JavaScript,node1
51,AthenaJdbcConnector,89,21,17,Java,node1
52,amazon-cloudfront-access-logs-queries,27,4,23,JavaScript,node1
53,resize,90,8,40,JavaScript,node1
54,api-lambda-update-dynamodb,3,2,1,JavaScript,node1
55,cloudfront-http-redirect,42,7,22,JavaScript,node1
56,Serverless-S3-Uploader,7,1,6,JavaScript,node1
57,api-lambda-get-one-dynamodb,6,1,0,JavaScript,node1
58,api-lambda-get-all-dynamodb,1,1,0,JavaScript,node1
59,Tesseract,853,43,160,Python,node1
60,cw-logs-to-lambda,1,1,0,Python,node1
61,cw-logs-to-slack,4,1,3,Makefile,node1
62,lambda-janitor,22,4,8,JavaScript,node1
63,aws-serverless-twitter-event-source,65,14,17,Python,node1
64,lambda-layer-kubectl,61,5,26,Makefile,node1
65,tic-tac-toe,1,1,1,Python,node1
66,aws-lambda-power-tuning,969,34,55,JavaScript,node1
67,s3-get-object-python,42,7,22,JavaScript,node1
68,sns-subscription-filter-policy-string,105,19,16,Python,node1
69,amplify-passwordless-sms-auth,26,4,30,Swift,node1
70,lambda-authorizer-basic-auth,29,1,3,Python,node1
71,aws-sagemaker-ground-truth-recipe,6,1,6,Python,node1
72,lightsail-backups,44,8,19,JavaScript,node1
73,serverless-form-handler,11,0,3,JavaScript,node1
74,sns-message-python,42,7,22,JavaScript,node1
75,s3-get-object-python3,42,7,22,JavaScript,node1
76,SecretsManagerRedshiftRotationMultiUser,62,15,64,Python,node1
77,alexa-anagram,5,3,4,JavaScript,node1
78,serverless-cognito,50,2,7,Python,node1
79,rekognition-python,42,7,22,JavaScript,node1
80,Chromium,853,43,160,Python,node1
81,fork-event-storage-backup-pipeline,105,19,16,Python,node1
82,serverless-chrome-layer,4,1,0,JavaScript,node1
83,auto-subscribe-log-group-to-arn,30,2,4,JavaScript,node1
84,CodePipelineSlackNotifier,68,2,27,Shell,node1
85,aws-serverless-sqs-event-source,32,7,12,Java,node1
86,s3-lambda-publisher-sns,3,1,2,JavaScript,node1
87,api-lambda-stripe-charge,30,3,5,JavaScript,node1
88,sumologic-loggroup-connector,98,47,107,Python,node1
89,dynamodb-process-stream-python3,42,7,22,JavaScript,node1
90,Contact-Us,43,3,15,JavaScript,node1
91,lambda-web-page-example,4,0,6,JavaScript,node1
92,galleria,90,8,40,JavaScript,node1
93,api-lambda-sns-publisher,0,1,1,JavaScript,node1
94,ghostscript-lambda-layer,5,1,0,Makefile,node1
95,api-gateway-authorizer-python,42,7,22,JavaScript,node1
96,compress,90,8,40,JavaScript,node1
97,elasticsearch-cleanup,99,16,63,Python,node1
98,slack-echo-command-python,42,7,22,JavaScript,node1
99,step-functions-send-to-sns,42,7,22,JavaScript,node1
100,lambda-iot-rule,0,1,1,JavaScript,node1
101,kinesis-firehose-apachelog-to-json,42,7,22,JavaScript,node1
102,s3-presigned-url,6682,333,1699,Python,node1
103,lambdium,213,12,31,JavaScript,node1
104,pipeline-dashboard,88,8,33,JavaScript,node1
105,slack-echo-command,42,7,22,JavaScript,node1
106,DocumentGenerator,853,43,160,Python,node1
107,ses-notification-nodejs,42,7,22,JavaScript,node1
108,lex-book-trip,42,7,22,JavaScript,node1
109,workmail-hello-world-python,7,3,5,Python,node1
110,lambda-canary-python3,42,7,22,JavaScript,node1
111,acloudguru-alexadevs-leaderboard,4,7,6,JavaScript,node1
112,sumologic-securityhub-collector,98,47,107,Python,node1
113,Pandas,853,43,160,Python,node1
114,sqs-to-dynamodb,0,1,1,JavaScript,node1
115,s3-replicator,5,2,3,JavaScript,node1
116,sumologic-slack,0,29,1,Python,node1
117,fork-event-replay-pipeline,105,19,16,Python,node1
118,fork-event-search-analytics-pipeline,105,19,16,Python,node1
119,dynamodb-lex,2,2,1,JavaScript,node1
120,sns-lambda-subscriber-dynamodb,2,1,0,JavaScript,node1
121,ddb-copier,5,2,3,Java,node1
122,ALB-Lambda-Target-WhatisMyIP,211,22,67,Java,node1
123,aws-serverless-codepipeline-serverlessrepo-publish,11,11,7,Python,node1
124,sns-subscriber-lambda-s3,3,1,1,JavaScript,node1
125,machine-learning-with-scikit-learn-on-lamdba,11,0,4,Python,node1
126,github-codebuild-logs,29,4,5,Python,node1
127,lex-order-flowers,42,7,22,JavaScript,node1
128,kinesis-firehose-process-record-streams-as-source,42,7,22,JavaScript,node1
129,tweet-sentiment,1,1,0,Python,node1
130,dynamodb-lambda-publisher-sns,0,1,0,JavaScript,node1
131,stu,23,4,9,HTML,node1
132,cloudfront-redirect-on-viewer-country,42,7,22,JavaScript,node1
133,fork-example-ecommerce-checkout-pipeline,105,19,16,Python,node1
134,cloudwatch-alarm-to-slack-python,42,7,22,JavaScript,node1
135,fork-example-ecommerce-checkout-api,105,19,16,Python,node1
136,whats-your-name,15,2,2,Python,node1
137,rotate,90,8,40,JavaScript,node1
138,api-lambda-delete-dynamodb,1,1,0,JavaScript,node1
139,kinesis-process-record,42,7,22,JavaScript,node1
140,cloudwatch-logs-process-data,42,7,22,JavaScript,node1
141,ThundraHelloWorld,13,4,4,Java,node1
142,cloudfront-redirect-unauthenticated-users,42,7,22,JavaScript,node1
143,sfn-callback-urls,34,1,4,Python,node1
144,sumologic-mongodb-atlas,0,5,2,Python,node1
145,image-moderation-chatbot,122,47,53,Python,node1
146,Twitter-Poller-to-Kinesis-Firehose,102,26,46,Python,node1
147,lex-make-appointment,42,7,23,JavaScript,node1
148,helloWorldLex,23,3,10,JavaScript,node1
149,NYC-Parks-Events-Crawler,8,0,4,Python,node1
150,ImageProcessingPython,853,43,160,Python,node1
151,s3-static-site,6,1,2,None,node1
152,requests-python-layer-app,1,1,0,Shell,node1
153,timber-logging,3,8,2,Python,node1
154,ses-notification-python,42,7,23,JavaScript,node1
155,kinesis-process-record-python,42,7,23,JavaScript,node1
156,kinesis-analytics-process-record-python,42,7,23,JavaScript,node1
157,inbound-ses-spam-filter,42,7,23,JavaScript,node1
158,UvaSoftware-Scanii-Lambda,21,4,5,JavaScript,node1
159,SecretsManagerMongoDBRotationMultiUser,62,15,64,Python,node1
160,deploy-to-s3,15,4,8,Python,node1
161,Automated-IAM-policy-alerts-and-approvals,6,3,1,JavaScript,node1
162,AutoUpdateCloudfrontSecurityGroups,4,2,0,Python,node1
163,kinesis-firehose-cloudwatch-logs-processor,42,7,23,JavaScript,node1
164,aws-tag-explorer,10,1,3,Python,node1
165,S3-Image-Monitoring-Detection-Using-Rekognition-Publish-Data-on-SNS,3,1,3,Python,node1
166,lex-book-trip-python,42,7,23,JavaScript,node1
167,kinesis-firehose-apachelog-to-json-python,42,7,23,JavaScript,node1
168,cognito-sync-trigger,42,7,23,JavaScript,node1
169,inspector-scheduled-run,42,7,23,JavaScript,node1
170,rsvg-convert-lambda-layer,27,1,11,JavaScript,node1
171,sumologic-guardduty-benchmark,98,47,107,Python,node1
172,lambda-layer-headless-chromium,34,1,5,Makefile,node1
173,cloudfront-s3-origin-website-redirects,1,0,2,JavaScript,node1
174,datadog-process-rds-metrics,42,7,23,JavaScript,node1
175,auto-set-log-group-retention,30,2,4,JavaScript,node1
176,TweetEventSource,2,2,2,TypeScript,node1
177,AthenaCloudwatchMetricsConnector,89,21,17,Java,node1
178,lambda-canary,42,7,23,JavaScript,node1
179,cloudfront-ab-test,42,7,23,JavaScript,node1
180,ecr-deploy,8,1,3,Python,node1
181,Alexa-Nodejs-Dynamic-Content,0,1,2,JavaScript,node1
182,serverless-numpy,3,1,1,Python,node1
183,lex-make-appointment-python,42,7,23,JavaScript,node1
184,cloudwatch-loggly-forwarder,10,12,0,Ruby,node1
185,kinesis-firehose-apachelog-to-csv,42,7,23,JavaScript,node1
186,pandoc-lambda-layer,29,1,11,JavaScript,node1
187,realworld-serverless-application-backend-database,309,27,46,Java,node1
188,async-custom-metrics,17,1,0,JavaScript,node1
189,alexa-city-biking-skill,2,1,2,JavaScript,node1
190,cloudwatch-logs-to-loggly,42,7,23,JavaScript,node1
191,slack-slash-hodor,1,1,1,JavaScript,node1
192,aws-dynamodb-stream-eventbridge-fanout,18,9,3,Java,node1
193,getting-started-with-dynamodb-reviews-inserter,0,2,1,Python,node1
194,kinesis-analytics-process-record,42,7,23,JavaScript,node1
195,aws-serverless-sns-forwarder,6,10,4,Python,node1
196,s3-lambda-csv-to-xlsx-s3,6,2,3,JavaScript,node1
197,realworld-serverless-application-backend,309,27,46,Java,node1
198,realworld-serverless-application-backend-api,309,27,46,Java,node1
199,api-gateway-multiple-origin-cors,6682,333,1699,Python,node1
200,my-ip-today,4,1,2,TypeScript,node1
201,plantuml-render,22,5,4,HTML,node1
202,sns-lambda-put-cloudwatch,1,1,0,JavaScript,node1
203,lambda-test-harness,42,7,23,JavaScript,node1
204,lex-order-flowers-python,42,7,23,JavaScript,node1
205,alexa-skill-clean-code-template,9,0,2,JavaScript,node1
206,EventWriter,4,2,0,JavaScript,node1
207,aws-private-ca-policy-venafi,3,8,2,Go,node1
208,ServerlessNetworkingPython3,64,7,2,C++,node1
209,realworld-serverless-application,309,27,46,Java,node1
210,realworld-serverless-application-analytics,309,27,46,Java,node1
211,realworld-serverless-application-static-website,309,27,46,Java,node1
212,realworld-serverless-application-ops-dashboard,309,27,46,Java,node1
213,realworld-serverless-application-ops-alarm,309,27,46,Java,node1
214,realworld-serverless-application-ops,309,27,46,Java,node1
215,aurora-api,0,1,0,JavaScript,node1
216,acme-cert-updater,4,2,0,Python,node1
217,algorithmia,42,7,23,JavaScript,node1
218,Glim,1,1,0,Python,node1
219,AthenaAwsCmdbConnector,89,21,17,Java,node1
220,python-sam-codebuild-ci,3,2,1,None,node1
221,Load-testing,853,43,160,Python,node1
222,appsync-broadcaster,12,1,2,JavaScript,node1
223,aws-health-event-to-slack-message,5,1,1,Python,node1
224,python-lambdacore,7,1,1,Python,node1
225,cw-logs-to-chime,0,1,0,Python,node1
226,hotdog-detector,91,38,25,Python,node1
227,cfn-look-up-ami-ids,42,7,23,JavaScript,node1
228,sumologic-securityhub-forwarder,98,47,107,Python,node1
229,deno,147,8,2,TypeScript,node1
230,Kinesis-Enhanced-Fan-Out-to-DDB-S3,1,0,3,JavaScript,node1
231,kinesis-analytics-process-compressed-record,42,7,23,JavaScript,node1
232,LogzioCloudWatchShipper,27,10,33,Python,node1
233,sepia,90,8,40,JavaScript,node1
234,lambda-to-chime,0,1,0,Python,node1
235,Salesforce-API-Access-Manager-Monitor-Logger,2,2,1,JavaScript,node1
236,cfn-stack-outputs,42,7,23,JavaScript,node1
237,cloudfront-simple-remote-call,42,7,23,JavaScript,node1
238,cloudfront-modify-querystring,42,7,23,JavaScript,node1
239,s3-lambda-transcribe-audio-to-text-s3,62,2,0,JavaScript,node1
240,crop,90,8,40,JavaScript,node1
241,api-gateway-multiple-origin-cors,6682,333,1699,Python,node1
242,node-exec,42,7,23,JavaScript,node1
243,ServerlessEventTestTarget,1,1,0,JavaScript,node1
244,s3-cost-explorer,1,1,0,Python,node1
245,Automated-Support-Ticket-Moderator,2,1,0,JavaScript,node1
246,alexa-super-heroes,0,1,0,Python,node1
247,aws-sns-to-slack-publisher,18,1,7,Python,node1
248,kinesis-analytics-process-kpl-record,42,7,23,JavaScript,node1
249,json-logs-to-kinesis-firehose,0,1,1,Python,node1
250,cloudfront-access-request-in-response,42,7,23,JavaScript,node1
251,inbound-ses-spam-filter-python,42,7,23,JavaScript,node1
252,aws-internal-healthcheck,4,1,2,JavaScript,node1
253,sumologic-app-utils,98,47,107,Python,node1
254,s3-lambda-csv-to-pdf-s3,0,1,0,JavaScript,node1
255,photo-gallery,1,1,0,TypeScript,node1
256,ALB-Lambda-Target-BinaryResponse,211,22,67,Java,node1
257,EtsyShopEventSource,2,1,0,TypeScript,node1
258,s3-lambda-image-text-detection-dynamodb,3,1,3,TypeScript,node1
259,AthenaRedisConnector,89,21,17,Java,node1
260,portable-serverless-app,12,4,3,JavaScript,node1
261,kinesis-firehose-process-record,42,7,23,JavaScript,node1
262,metric-publisher-app,5,11,7,Python,node1
263,Return-Set-Word-Python3,0,0,1,Python,node1
264,mechanicalrock-ops-metrics,2,1,0,TypeScript,node1
265,exif-metadata-extractor,4,1,1,Python,node1
266,retweet-leaderboard,10,2,1,Java,node1
267,aws-serverless-financial-functions-xirr,38,19,8,Python,node1
268,kinesis-firehose-syslog-to-json-python,42,7,23,JavaScript,node1
269,realtime-chatapp,2,0,1,None,node1
270,eks-lambda-drainer,0,0,0,None,node1
271,AthenaDocumentDBConnector,89,21,17,Java,node1
272,aws-serverless-financial-functions-wrapper,38,19,8,Python,node1
273,aws-support-bot,0,0,1,Python,node1
274,Packer-Cleaner,3,1,1,Python,node1
275,Cloudwatch-event-serverless-monitor-and-get-alerted-on-aws-account-activity,0,0,2,Python,node1
276,kinesis-firehose-process-record-python,42,7,23,JavaScript,node1
277,amazon-cognito-passwordless-facial-rekognition-auth,13,4,4,JavaScript,node1
278,LightGBM,853,43,160,Python,node1
279,blur,90,8,40,JavaScript,node1
280,Spacy,853,43,160,Python,node1
281,s3-lambda-ffmpeg-mov-to-mp4-s3,6,1,5,JavaScript,node1
282,twitter-to-slack-message,0,1,0,Python,node1
283,owlhub-lambda-version-cleaner,1,2,0,Python,node1
284,kinesis-firehose-syslog-to-csv,42,7,23,JavaScript,node1
285,human-trafficking-facts,0,0,0,JavaScript,node1
286,s3-lambda-markdown-to-html-s3,2,1,1,JavaScript,node1
287,amazon-elasticsearch-service-with-cognito,11,4,2,TypeScript,node1
288,dazn-lambda-powertools,230,98,21,JavaScript,node1
289,Voice-Lexicon-API,0,1,0,Python,node1
290,AthenaHBaseConnector,89,21,17,Java,node1
291,sfn-yaml-macro,12,1,2,Python,node1
292,aws-serverless-financial-functions-pv,38,19,8,Python,node1
293,aws-sqs-dlq-redriver,3,1,2,Python,node1
294,api-websockets-push-notifications-dynamodb,2,1,1,JavaScript,node1
295,LambdaEdgeRemoveTrailingSlash,2,1,1,JavaScript,node1
296,rekognition-sqs,8,0,5,Python,node1
297,acm-dns-record-manager,2,1,1,JavaScript,node1
298,RecyclingLocationFinder,0,1,0,Python,node1
299,alb-logs-firehose-publisher,5,1,0,Go,node1
300,amazon-pinpoint-call-generator,6,2,4,JavaScript,node1
301,aws-serverless-financial-functions-fv,38,19,8,Python,node1
302,aws-sam-codepipeline-cd,24,11,12,None,node1
303,signed-url-generator,1,1,0,Python,node1
304,AthenaUserDefinedFunctions,89,21,17,Java,node1
305,codepipeline-s3-deploy,0,1,0,JavaScript,node1
306,GenerateLookML,0,64,1,Python,node1
307,logicmonitor-send-cloudwatch-events,2,18,0,Python,node1
308,dynamodb-history-storer,9,2,1,JavaScript,node1
309,serverless-search,104,4,10,JavaScript,node1
310,lambda-customresource-testing,0,0,0,None,node1
311,AthenaTPCDSConnector,89,21,17,Java,node1
312,ApplicationCostMonitoring,11,3,1,Python,node1
313,mechanicalrock-pipeline-dashboard,1,0,0,JavaScript,node1
314,sns2telegram,6,1,0,Go,node1
315,kinesis-firehose-apachelog-to-csv-python,42,7,23,JavaScript,node1
316,lambda-versions-deleter,0,1,0,Python,node1
317,EnergyProductFinder,1,1,0,Python,node1
318,cloudfront-multiple-remote-calls-aggregate-response,42,7,23,JavaScript,node1
319,platform-client-secret-rotator,1,5,0,Python,node1
320,autodeploy-layer,8,1,1,JavaScript,node1
321,s3-pgp-encryptor,3,1,5,JavaScript,node1
322,aws-sam-codebuild-ci,15,11,6,None,node1
323,cfn-news-to-telegram,1,1,0,HTML,node1
324,workmail-wordpress-python,7,3,5,Python,node1
325,generic-webhook-to-eventbridge,18,2,2,TypeScript,node1
326,appsync-graphql-crud-dynamodb,9,1,1,None,node1
327,rev11-attiotbutton-SQL,0,2,0,None,node1
328,ec2-spot-interruption-logging-insights,599,63,203,Jupyter Notebook,node1
329,guardduty-log-uploader,3,1,1,Go,node1
330,kinesis-firehose-syslog-to-csv-python,42,7,23,JavaScript,node1
331,kinesis-firehose-syslog-to-json,42,7,23,JavaScript,node1
332,kinesis-data-firehose-to-s3,1,1,0,Makefile,node1
333,nephridium,2,0,0,JavaScript,node1
334,MWSAlerts,1,1,1,Python,node1
335,HDFproc,853,43,160,Python,node1
336,blur-faces-rekognition,2,1,0,Python,node1
337,small-data-service,1,1,0,Python,node1
338,daily-billing-report-to-slack,0,1,0,Python,node1
339,ThundraImageLinkExtractor,13,4,4,Java,node1
340,phone-home,0,1,0,JavaScript,node1
341,workmail-chat-bot-python,7,3,5,Python,node1
342,S3-Auto-Translator,1,1,0,JavaScript,node1
343,sumologic-aws-cloudtrail-benchmark,98,47,107,Python,node1
344,monte-carlo-pi,0,1,0,Python,node1
345,pushilka-cloudfront-headers,0,1,2,JavaScript,node1
346,uvasoftware-guarana,0,1,0,Java,node1
347,timestamp-custom-resource,0,1,0,Python,node1
348,generic-webhook-to-sns,3,3,0,TypeScript,node1
349,SpheroAlexaSkill,4,1,0,JavaScript,node1
350,s3-lambda-markdown-to-docx-s3,4,1,0,JavaScript,node1
351,image-proxy,5,0,1,Go,node1
352,AthenaSQLITEConnector,29,4,2,Python,node1
353,twilio-conference,42,7,23,JavaScript,node1
354,aws-serverless-financial-functions-mirr,38,19,8,Python,node1
355,dungeon-maestro-slack-bot,3,1,0,Go,node1
356,ssm-sign-proxy,0,2,0,Go,node1
357,twilio-simple-blueprint,42,7,23,JavaScript,node1
358,s3-lambda-svg-to-pdf-s3,1,1,1,JavaScript,node1
359,aws-serverless-financial-functions-pmt,38,19,8,Python,node1
360,kinesis-firehose-process-record-streams-as-source-python,42,7,23,JavaScript,node1
361,OpenIdAuthorizer,3,1,1,C#,node1
362,lambda-create-email-template-ses,2,2,0,JavaScript,node1
363,lambda-slack-handler,0,2,1,JavaScript,node1
364,lambci,3768,96,220,Shell,node1
365,trigger-t2-unlimited-with-sns,3,1,2,Python,node1
366,rev11-attiotbutton-filemakerapi,0,2,0,None,node1
367,deno-hello-world,147,8,2,TypeScript,node1
368,LambdaScale,7,10,2,JavaScript,node1
369,Cribl-S3-To-Snowflake,1,1,2,JavaScript,node1
370,sar-aws-sns-to-slack,1,1,0,Python,node1
371,ACM-DynamoDB-Publisher,0,1,1,Python,node1
372,Find-Places,0,1,0,JavaScript,node1
373,s3-lambda-ffmpeg-aac-wav-to-mp3-s3,5,2,3,JavaScript,node1
374,comment-moderator,0,0,0,JavaScript,node1
375,dynamodb-to-s3-importer,0,1,0,JavaScript,node1
376,url-redirect-https,69,6,27,Makefile,node1
377,failed-emr-info,0,1,1,Python,node1
378,ServerlessCron,69,6,27,Makefile,node1
379,ACM-S3-Publisher,2,1,1,Python,node1
380,lending-app-nodejs6,0,0,0,JavaScript,node1
381,aws-serverless-financial-functions-ppmt,38,19,8,Python,node1
382,Image-to-Textract-Response,0,0,0,Python,node1
383,platform-authorizer,3,4,1,JavaScript,node1
384,ExcelLexBot,8,2,6,Python,node1
385,amazon-connect-outbound-prompt-call,50,3,15,Makefile,node1
386,lambda-logs-athena-example,0,1,0,Python,node1
387,api-lambda-send-templated-email-ses,4,2,0,JavaScript,node1
388,codepipeline-versioner,0,1,0,JavaScript,node1
389,detect-stack-drifts,3,1,1,Python,node1
390,Update-Route53-Record-to-Ec2-PublicIp-Python3,2,1,2,Python,node1
391,Carrier-Info,0,0,0,JavaScript,node1
392,kim-demo,1,2,2,JavaScript,node1
393,lambda-s3-zip,0,1,0,JavaScript,node1
394,aws-services-by-region,0,1,0,Python,node1
395,exif-reader,2,1,2,Perl,node1
396,AWSNewsFeed,2,1,1,Python,node1
397,Slack-Translate,0,0,0,JavaScript,node1
398,aws-serverless-financial-functions-npv,38,19,8,Python,node1
399,aws-serverless-financial-functions-sln,38,19,8,Python,node1
400,LambdaUtilities,0,2,1,Python,node1
401,sagemaker-image-classification,0,2,1,Jupyter Notebook,node1
402,Mill,9,8,0,JavaScript,node1
403,Parameter-Store-ECS-Updater-and-Deployer,2,0,0,Go,node1
404,AWS-Backup-DynamoDB-Rotator,7,1,1,Go,node1
405,twilio-forward,42,7,23,JavaScript,node1
406,text2event,0,0,0,JavaScript,node1
407,ALB-Lambda-Target-UploadFiletoS3,211,22,67,Java,node1
408,Cleaner,0,1,0,Python,node1
409,format-splunk-aws-sns-alert,0,1,0,Python,node1
410,sumologic-process-logs,42,7,23,JavaScript,node1
411,cloudfront-security-group-update-ips,0,1,0,Python,node1
412,S3-Auto-transcriber-and-sentiment-analyzer,2,1,0,JavaScript,node1
413,human-trafficking-goods-indicator-api,0,0,0,Python,node1
414,ThundraNodeJSHelloWorld,9,2,3,JavaScript,node1
415,codepipeline-s3-objects-public-read-multi-buildartifact,0,1,0,JavaScript,node1
416,serverless-uptime-monitor,0,1,0,JavaScript,node1
417,aws-serverless-website-canary,4,1,0,JavaScript,node1
418,aws-serverless-financial-functions-nominal,38,19,8,Python,node1
419,aws-serverless-financial-functions-irr,38,19,8,Python,node1
420,CodePipelineSlackApprover,6,1,0,Ruby,node1
421,s3-signed-urls,4,1,0,JavaScript,node1
422,codedeployhook,0,4,0,Go,node1
423,fqdnService,0,9,0,TypeScript,node1
424,traffic-cop-query-engine,4,3,3,C++,node1
425,signed-links-cognito,0,1,0,JavaScript,node1
426,IoT-Session-Feedback,2,0,0,JavaScript,node1
427,sumologic-jfrog-xray,1,29,1,Python,node1
428,amplify-console-notification,0,1,0,TypeScript,node1
429,lambda-edge-logs-aggregator,2,1,0,Shell,node1
430,birthday-to-age,0,1,0,Go,node1
431,MedPal,1,0,1,JavaScript,node1
432,api-gateway-component,0,2,0,None,node1
433,ship-logs-to-honeycomb,4,1,1,JavaScript,node1
434,DailyQuotes,0,0,0,Python,node1
435,twilio-menu,42,7,23,JavaScript,node1
436,codepipeline-s3-objects-public-read,0,1,2,JavaScript,node1
437,cloudwatch-alarms-macro,16,2,1,JavaScript,node1
438,CitizenDispatch,4,0,1,JavaScript,node1
439,kim-demo2,1,2,2,JavaScript,node1
440,lambda-edge-header-adder-python,0,1,0,Python,node1
441,selfless-service-updates,0,1,0,Python,node1
442,s3-to-dynamodb-importer,6,1,1,JavaScript,node1
443,dynamodb-process-stream-python,42,7,23,JavaScript,node1
444,dynamodb-scaling-event-to-datadog,0,1,0,Python,node1
445,CopyToBucket,0,0,0,JavaScript,node1
446,chime-eks-top,1,1,0,Makefile,node1
447,aws-serverless-financial-functions-nper,38,19,8,Python,node1
448,aws-serverless-financial-functions-rate,38,19,8,Python,node1
449,aws-serverless-financial-functions-fvschedule,38,19,8,Python,node1
450,commentable-rs,4,2,0,Rust,node1
451,cloudfront-cdn,1,1,0,JavaScript,node1
452,sam-alb,3,4,0,Go,node1
453,cloudwatch-logs-janitor,0,0,0,Python,node1
454,buildkite-serverless-agent,11,0,2,Go,node1
455,TwilioMessageReceiver,10,1,2,None,node1
456,serverless-cognito-auth,1,1,0,Go,node1
457,vpc-traffic-mirroring-source-automation,4,4,2,Python,node1
458,logs-insights-to-metric,0,1,0,None,node1
459,ec2-cleanup,0,0,0,Go,node1
460,dynamodb-table-storage-metrics,0,1,0,Python,node1
461,aws-console-sign-in-to-telegram,0,1,0,Python,node1
462,lambda-logs-event-source,0,4,0,JavaScript,node1
463,aws-serverless-financial-functions-effect,38,19,8,Python,node1
464,lambda-layer-mecab-python3,0,1,0,Dockerfile,node1
465,age-nudity-recognizer,0,1,0,Python,node1
466,AWSBlogsFeed,1,2,1,Python,node1
467,eks-auth-update-hook,61,5,26,Makefile,node1
468,aws-serverless-financial-functions-xnpv,38,19,8,Python,node1
469,awscallouts,0,1,0,Python,node1
470,tf-state-store,0,0,0,Makefile,node1
471,SnsEmailForms,0,1,0,TypeScript,node1
472,serverless-data-pipeline,8,2,0,Python,node1
473,aws-bills-to-telegram,1,1,0,Python,node1
474,ExpiryChecker,0,0,0,JavaScript,node1
475,github-webhook-slack-notifier,0,1,0,JavaScript,node1
476,sns-to-telegram,0,0,0,Go,node1
477,GetMetricWidgetImageAndNotifySlack,0,1,1,Python,node1
478,UpdateLambdaLayers,9,0,0,Python,node1
479,step-functions-error-python,42,7,23,JavaScript,node1
480,ecs-task-stats-logger,100,12,64,Python,node1
481,create-databases-in-rds,0,23,0,Python,node1
482,create-databases-is-rds,0,23,0,Python,node1
483,CopyRepoToCodeCommit,2,0,1,Python,node1
484,config-rule-change-triggered,42,7,23,JavaScript,node1
485,step-functions-error,42,7,23,JavaScript,node1
486,logicmonitor-send-eventbridge-events,42,7,23,JavaScript,node1
487,meta-codepipeline,0,1,1,Shell,node1
488,ecs-svc-custom-metrics-logger,100,12,64,Python,node1
489,ssm-parameters-getter-lambda,2,0,1,JavaScript,node1
490,dynamic-security-group-builder,50,3,15,Makefile,node1
491,cloudfront-sg-manager,1,1,0,Python,node1
492,Set-CloudWatch-LogGroup-Expiry,0,3,0,Python,node1
493,dynamodb-process-stream,42,7,23,JavaScript,node1
494,speelycaptor,3,2,0,JavaScript,node1
495,SOSandImageProcessing,0,1,0,None,node1
496,AIImageProcessor,1,0,0,JavaScript,node1
497,api-lambda-send-bulk-templated-email-ses,0,1,0,JavaScript,node1
498,serverless-agentless-honeycomb-publisher,1,0,0,Go,node1
499,dynamodb-local-python,6,0,2,Python,node1
500,serverless-cicd-pipeline,1,1,0,None,node1
501,check-datadog-custom-metrics-usage,0,0,0,JavaScript,node1
502,s3-lambda-sns-demo,1,0,0,Python,node1
503,ThundraPythonHelloWorld,2,3,0,Python,node1
504,GetMetricWidgetImage,0,1,1,Python,node1
505,aws-serverlessrepo-auto-deploy,0,1,0,Python,node1
506,config-rule-periodic,42,7,23,JavaScript,node1
507,acm-cert-validation,0,0,0,Python,node1
0,alexa-skills-kit-nodejs-factskill,999,137,1184,JavaScript,node2
1,hello-world,42,7,22,JavaScript,node2
2,alexa-skills-kit-nodejs-triviaskill,242,75,317,JavaScript,node2
3,alexa-skills-kit-nodejs-howtoskill,235,56,205,JavaScript,node2
4,Datadog-Log-Forwarder,143,173,217,Python,node2
5,microservice-http-endpoint,42,7,22,JavaScript,node2
6,alexa-skills-kit-color-expert-python,42,7,22,JavaScript,node2
7,alexa-skills-kit-color-expert,42,7,22,JavaScript,node2
8,hello-world-python3,42,7,22,JavaScript,node2
9,alexa-smart-home-skill-adapter,42,7,22,JavaScript,node2
10,image-magick-lambda-layer,67,5,39,JavaScript,node2
11,image-resizer-service,64,0,32,JavaScript,node2
12,alexa-skills-kit-python36-factskill,87,22,145,Python,node2
13,uploader,90,8,40,JavaScript,node2
14,api-gateway-dev-portal,528,35,181,JavaScript,node2
15,cloudfront-response-generation,42,7,22,JavaScript,node2
16,https-request,42,7,22,JavaScript,node2
17,api-lambda-save-dynamodb,36,3,10,JavaScript,node2
18,NewRelic-log-ingestion,13,20,16,Python,node2
19,standard-redirects-for-cloudfront,16,2,3,JavaScript,node2
20,api-lambda-send-email-ses,18,2,3,JavaScript,node2
21,ffmpeg-lambda-layer,103,10,21,JavaScript,node2
22,hello-world-python,42,7,22,JavaScript,node2
23,SecretsManagerRedshiftRotationSingleUser,62,15,64,Python,node2
24,alexa-skills-kit-nodejs-premium-facts-skill,53,25,56,JavaScript,node2
25,AmazonConnectSalesforceLambda,6,3,3,Python,node2
26,ALB-Lambda-Target-HelloWorld,211,22,67,Java,node2
27,cloudwatch-alarm-to-slack,42,7,22,JavaScript,node2
28,lambda-to-slack,5,1,5,Python,node2
29,aws-deployment-framework,248,34,77,Python,node2
30,serverless-todo,22,3,13,JavaScript,node2
31,alexa-skills-kit-nodejs-hello-world,153,56,258,JavaScript,node2
32,image-processing-service,42,7,22,JavaScript,node2
33,amazon-cognito-passwordless-email-auth,83,5,31,TypeScript,node2
34,alexa-skills-kit-nodejs-basic-welcome,1,0,0,JavaScript,node2
35,sqs-poller,42,7,22,JavaScript,node2
36,api-gateway-authorizer-nodejs,42,7,22,JavaScript,node2
37,AthenaCloudwatchConnector,89,21,17,Java,node2
38,AthenaDynamoDBConnector,89,21,17,Java,node2
39,cloudfront-authorization-at-edge,45,7,13,TypeScript,node2
40,s3-lambda-save-dynamodb,10,2,1,JavaScript,node2
41,cloudwatch-alarm-to-slack-python3,42,7,22,JavaScript,node2
42,simple-mobile-backend,42,7,22,JavaScript,node2
43,lambda-layer-awscli,50,3,15,Makefile,node2
44,SecretsManagerMongoDBRotationSingleUser,62,15,64,Python,node2
45,sns-message,42,7,22,JavaScript,node2
46,microservice-http-endpoint-python,42,7,22,JavaScript,node2
47,s3-get-object,42,7,22,JavaScript,node2
48,hello-go-serverless-webapp,19,3,4,Go,node2
49,microservice-http-endpoint-python3,42,7,22,JavaScript,node2
50,cloudfront-modify-response-header,42,7,22,JavaScript,node2
51,AthenaJdbcConnector,89,21,17,Java,node2
52,amazon-cloudfront-access-logs-queries,27,4,23,JavaScript,node2
53,resize,90,8,40,JavaScript,node2
54,api-lambda-update-dynamodb,3,2,1,JavaScript,node2
55,cloudfront-http-redirect,42,7,22,JavaScript,node2
56,Serverless-S3-Uploader,7,1,6,JavaScript,node2
57,api-lambda-get-one-dynamodb,6,1,0,JavaScript,node2
58,api-lambda-get-all-dynamodb,1,1,0,JavaScript,node2
59,Tesseract,853,43,160,Python,node2
60,cw-logs-to-lambda,1,1,0,Python,node2
61,cw-logs-to-slack,4,1,3,Makefile,node2
62,lambda-janitor,22,4,8,JavaScript,node2
63,aws-serverless-twitter-event-source,65,14,17,Python,node2
64,lambda-layer-kubectl,61,5,26,Makefile,node2
65,tic-tac-toe,1,1,1,Python,node2
66,aws-lambda-power-tuning,969,34,55,JavaScript,node2
67,s3-get-object-python,42,7,22,JavaScript,node2
68,sns-subscription-filter-policy-string,105,19,16,Python,node2
69,amplify-passwordless-sms-auth,26,4,30,Swift,node2
70,lambda-authorizer-basic-auth,29,1,3,Python,node2
71,aws-sagemaker-ground-truth-recipe,6,1,6,Python,node2
72,lightsail-backups,44,8,19,JavaScript,node2
73,serverless-form-handler,11,0,3,JavaScript,node2
74,sns-message-python,42,7,22,JavaScript,node2
75,s3-get-object-python3,42,7,22,JavaScript,node2
76,SecretsManagerRedshiftRotationMultiUser,62,15,64,Python,node2
77,alexa-anagram,5,3,4,JavaScript,node2
78,serverless-cognito,50,2,7,Python,node2
79,rekognition-python,42,7,22,JavaScript,node2
80,Chromium,853,43,160,Python,node2
81,fork-event-storage-backup-pipeline,105,19,16,Python,node2
82,serverless-chrome-layer,4,1,0,JavaScript,node2
83,auto-subscribe-log-group-to-arn,30,2,4,JavaScript,node2
84,CodePipelineSlackNotifier,68,2,27,Shell,node2
85,aws-serverless-sqs-event-source,32,7,12,Java,node2
86,s3-lambda-publisher-sns,3,1,2,JavaScript,node2
87,api-lambda-stripe-charge,30,3,5,JavaScript,node2
88,sumologic-loggroup-connector,98,47,107,Python,node2
89,dynamodb-process-stream-python3,42,7,22,JavaScript,node2
90,Contact-Us,43,3,15,JavaScript,node2
91,lambda-web-page-example,4,0,6,JavaScript,node2
92,galleria,90,8,40,JavaScript,node2
93,api-lambda-sns-publisher,0,1,1,JavaScript,node2
94,ghostscript-lambda-layer,5,1,0,Makefile,node2
95,api-gateway-authorizer-python,42,7,22,JavaScript,node2
96,compress,90,8,40,JavaScript,node2
97,elasticsearch-cleanup,99,16,63,Python,node2
98,slack-echo-command-python,42,7,22,JavaScript,node2
99,step-functions-send-to-sns,42,7,22,JavaScript,node2
100,lambda-iot-rule,0,1,1,JavaScript,node2
101,kinesis-firehose-apachelog-to-json,42,7,22,JavaScript,node2
102,s3-presigned-url,6682,333,1699,Python,node2
103,lambdium,213,12,31,JavaScript,node2
104,pipeline-dashboard,88,8,33,JavaScript,node2
105,slack-echo-command,42,7,22,JavaScript,node2
106,DocumentGenerator,853,43,160,Python,node2
107,ses-notification-nodejs,42,7,22,JavaScript,node2
108,lex-book-trip,42,7,22,JavaScript,node2
109,workmail-hello-world-python,7,3,5,Python,node2
110,lambda-canary-python3,42,7,22,JavaScript,node2
111,acloudguru-alexadevs-leaderboard,4,7,6,JavaScript,node2
112,sumologic-securityhub-collector,98,47,107,Python,node2
113,Pandas,853,43,160,Python,node2
114,sqs-to-dynamodb,0,1,1,JavaScript,node2
115,s3-replicator,5,2,3,JavaScript,node2
116,sumologic-slack,0,29,1,Python,node2
117,fork-event-replay-pipeline,105,19,16,Python,node2
118,fork-event-search-analytics-pipeline,105,19,16,Python,node2
119,dynamodb-lex,2,2,1,JavaScript,node2
120,sns-lambda-subscriber-dynamodb,2,1,0,JavaScript,node2
121,ddb-copier,5,2,3,Java,node2
122,ALB-Lambda-Target-WhatisMyIP,211,22,67,Java,node2
123,aws-serverless-codepipeline-serverlessrepo-publish,11,11,7,Python,node2
124,sns-subscriber-lambda-s3,3,1,1,JavaScript,node2
125,machine-learning-with-scikit-learn-on-lamdba,11,0,4,Python,node2
126,github-codebuild-logs,29,4,5,Python,node2
127,lex-order-flowers,42,7,22,JavaScript,node2
128,kinesis-firehose-process-record-streams-as-source,42,7,22,JavaScript,node2
129,tweet-sentiment,1,1,0,Python,node2
130,dynamodb-lambda-publisher-sns,0,1,0,JavaScript,node2
131,stu,23,4,9,HTML,node2
132,cloudfront-redirect-on-viewer-country,42,7,22,JavaScript,node2
133,fork-example-ecommerce-checkout-pipeline,105,19,16,Python,node2
134,cloudwatch-alarm-to-slack-python,42,7,22,JavaScript,node2
135,fork-example-ecommerce-checkout-api,105,19,16,Python,node2
136,whats-your-name,15,2,2,Python,node2
137,rotate,90,8,40,JavaScript,node2
138,api-lambda-delete-dynamodb,1,1,0,JavaScript,node2
139,kinesis-process-record,42,7,22,JavaScript,node2
140,cloudwatch-logs-process-data,42,7,22,JavaScript,node2
141,ThundraHelloWorld,13,4,4,Java,node2
142,cloudfront-redirect-unauthenticated-users,42,7,22,JavaScript,node2
143,sfn-callback-urls,34,1,4,Python,node2
144,sumologic-mongodb-atlas,0,5,2,Python,node2
145,image-moderation-chatbot,122,47,53,Python,node2
146,Twitter-Poller-to-Kinesis-Firehose,102,26,46,Python,node2
147,lex-make-appointment,42,7,23,JavaScript,node2
148,helloWorldLex,23,3,10,JavaScript,node2
149,NYC-Parks-Events-Crawler,8,0,4,Python,node2
150,ImageProcessingPython,853,43,160,Python,node2
151,s3-static-site,6,1,2,None,node2
152,requests-python-layer-app,1,1,0,Shell,node2
153,timber-logging,3,8,2,Python,node2
154,ses-notification-python,42,7,23,JavaScript,node2
155,kinesis-process-record-python,42,7,23,JavaScript,node2
156,kinesis-analytics-process-record-python,42,7,23,JavaScript,node2
157,inbound-ses-spam-filter,42,7,23,JavaScript,node2
158,UvaSoftware-Scanii-Lambda,21,4,5,JavaScript,node2
159,SecretsManagerMongoDBRotationMultiUser,62,15,64,Python,node2
160,deploy-to-s3,15,4,8,Python,node2
161,Automated-IAM-policy-alerts-and-approvals,6,3,1,JavaScript,node2
162,AutoUpdateCloudfrontSecurityGroups,4,2,0,Python,node2
163,kinesis-firehose-cloudwatch-logs-processor,42,7,23,JavaScript,node2
164,aws-tag-explorer,10,1,3,Python,node2
165,S3-Image-Monitoring-Detection-Using-Rekognition-Publish-Data-on-SNS,3,1,3,Python,node2
166,lex-book-trip-python,42,7,23,JavaScript,node2
167,kinesis-firehose-apachelog-to-json-python,42,7,23,JavaScript,node2
168,cognito-sync-trigger,42,7,23,JavaScript,node2
169,inspector-scheduled-run,42,7,23,JavaScript,node2
170,rsvg-convert-lambda-layer,27,1,11,JavaScript,node2
171,sumologic-guardduty-benchmark,98,47,107,Python,node2
172,lambda-layer-headless-chromium,34,1,5,Makefile,node2
173,cloudfront-s3-origin-website-redirects,1,0,2,JavaScript,node2
174,datadog-process-rds-metrics,42,7,23,JavaScript,node2
175,auto-set-log-group-retention,30,2,4,JavaScript,node2
176,TweetEventSource,2,2,2,TypeScript,node2
177,AthenaCloudwatchMetricsConnector,89,21,17,Java,node2
178,lambda-canary,42,7,23,JavaScript,node2
179,cloudfront-ab-test,42,7,23,JavaScript,node2
180,ecr-deploy,8,1,3,Python,node2
181,Alexa-Nodejs-Dynamic-Content,0,1,2,JavaScript,node2
182,serverless-numpy,3,1,1,Python,node2
183,lex-make-appointment-python,42,7,23,JavaScript,node2
184,cloudwatch-loggly-forwarder,10,12,0,Ruby,node2
185,kinesis-firehose-apachelog-to-csv,42,7,23,JavaScript,node2
186,pandoc-lambda-layer,29,1,11,JavaScript,node2
187,realworld-serverless-application-backend-database,309,27,46,Java,node2
188,async-custom-metrics,17,1,0,JavaScript,node2
189,alexa-city-biking-skill,2,1,2,JavaScript,node2
190,cloudwatch-logs-to-loggly,42,7,23,JavaScript,node2
191,slack-slash-hodor,1,1,1,JavaScript,node2
192,aws-dynamodb-stream-eventbridge-fanout,18,9,3,Java,node2
193,getting-started-with-dynamodb-reviews-inserter,0,2,1,Python,node2
194,kinesis-analytics-process-record,42,7,23,JavaScript,node2
195,aws-serverless-sns-forwarder,6,10,4,Python,node2
196,s3-lambda-csv-to-xlsx-s3,6,2,3,JavaScript,node2
197,realworld-serverless-application-backend,309,27,46,Java,node2
198,realworld-serverless-application-backend-api,309,27,46,Java,node2
199,api-gateway-multiple-origin-cors,6682,333,1699,Python,node2
200,my-ip-today,4,1,2,TypeScript,node2
201,plantuml-render,22,5,4,HTML,node2
202,sns-lambda-put-cloudwatch,1,1,0,JavaScript,node2
203,lambda-test-harness,42,7,23,JavaScript,node2
204,lex-order-flowers-python,42,7,23,JavaScript,node2
205,alexa-skill-clean-code-template,9,0,2,JavaScript,node2
206,EventWriter,4,2,0,JavaScript,node2
207,aws-private-ca-policy-venafi,3,8,2,Go,node2
208,ServerlessNetworkingPython3,64,7,2,C++,node2
209,realworld-serverless-application,309,27,46,Java,node2
210,realworld-serverless-application-analytics,309,27,46,Java,node2
211,realworld-serverless-application-static-website,309,27,46,Java,node2
212,realworld-serverless-application-ops-dashboard,309,27,46,Java,node2
213,realworld-serverless-application-ops-alarm,309,27,46,Java,node2
214,realworld-serverless-application-ops,309,27,46,Java,node2
215,aurora-api,0,1,0,JavaScript,node2
216,acme-cert-updater,4,2,0,Python,node2
217,algorithmia,42,7,23,JavaScript,node2
218,Glim,1,1,0,Python,node2
219,AthenaAwsCmdbConnector,89,21,17,Java,node2
220,python-sam-codebuild-ci,3,2,1,None,node2
221,Load-testing,853,43,160,Python,node2
222,appsync-broadcaster,12,1,2,JavaScript,node2
223,aws-health-event-to-slack-message,5,1,1,Python,node2
224,python-lambdacore,7,1,1,Python,node2
225,cw-logs-to-chime,0,1,0,Python,node2
226,hotdog-detector,91,38,25,Python,node2
227,cfn-look-up-ami-ids,42,7,23,JavaScript,node2
228,sumologic-securityhub-forwarder,98,47,107,Python,node2
229,deno,147,8,2,TypeScript,node2
230,Kinesis-Enhanced-Fan-Out-to-DDB-S3,1,0,3,JavaScript,node2
231,kinesis-analytics-process-compressed-record,42,7,23,JavaScript,node2
232,LogzioCloudWatchShipper,27,10,33,Python,node2
233,sepia,90,8,40,JavaScript,node2
234,lambda-to-chime,0,1,0,Python,node2
235,Salesforce-API-Access-Manager-Monitor-Logger,2,2,1,JavaScript,node2
236,cfn-stack-outputs,42,7,23,JavaScript,node2
237,cloudfront-simple-remote-call,42,7,23,JavaScript,node2
238,cloudfront-modify-querystring,42,7,23,JavaScript,node2
239,s3-lambda-transcribe-audio-to-text-s3,62,2,0,JavaScript,node2
240,crop,90,8,40,JavaScript,node2
241,api-gateway-multiple-origin-cors,6682,333,1699,Python,node2
242,node-exec,42,7,23,JavaScript,node2
243,ServerlessEventTestTarget,1,1,0,JavaScript,node2
244,s3-cost-explorer,1,1,0,Python,node2
245,Automated-Support-Ticket-Moderator,2,1,0,JavaScript,node2
246,alexa-super-heroes,0,1,0,Python,node2
247,aws-sns-to-slack-publisher,18,1,7,Python,node2
248,kinesis-analytics-process-kpl-record,42,7,23,JavaScript,node2
249,json-logs-to-kinesis-firehose,0,1,1,Python,node2
250,cloudfront-access-request-in-response,42,7,23,JavaScript,node2
251,inbound-ses-spam-filter-python,42,7,23,JavaScript,node2
252,aws-internal-healthcheck,4,1,2,JavaScript,node2
253,sumologic-app-utils,98,47,107,Python,node2
254,s3-lambda-csv-to-pdf-s3,0,1,0,JavaScript,node2
255,photo-gallery,1,1,0,TypeScript,node2
256,ALB-Lambda-Target-BinaryResponse,211,22,67,Java,node2
257,EtsyShopEventSource,2,1,0,TypeScript,node2
258,s3-lambda-image-text-detection-dynamodb,3,1,3,TypeScript,node2
259,AthenaRedisConnector,89,21,17,Java,node2
260,portable-serverless-app,12,4,3,JavaScript,node2
261,kinesis-firehose-process-record,42,7,23,JavaScript,node2
262,metric-publisher-app,5,11,7,Python,node2
263,Return-Set-Word-Python3,0,0,1,Python,node2
264,mechanicalrock-ops-metrics,2,1,0,TypeScript,node2
265,exif-metadata-extractor,4,1,1,Python,node2
266,retweet-leaderboard,10,2,1,Java,node2
267,aws-serverless-financial-functions-xirr,38,19,8,Python,node2
268,kinesis-firehose-syslog-to-json-python,42,7,23,JavaScript,node2
269,realtime-chatapp,2,0,1,None,node2
270,eks-lambda-drainer,0,0,0,None,node2
271,AthenaDocumentDBConnector,89,21,17,Java,node2
272,aws-serverless-financial-functions-wrapper,38,19,8,Python,node2
273,aws-support-bot,0,0,1,Python,node2
274,Packer-Cleaner,3,1,1,Python,node2
275,Cloudwatch-event-serverless-monitor-and-get-alerted-on-aws-account-activity,0,0,2,Python,node2
276,kinesis-firehose-process-record-python,42,7,23,JavaScript,node2
277,amazon-cognito-passwordless-facial-rekognition-auth,13,4,4,JavaScript,node2
278,LightGBM,853,43,160,Python,node2
279,blur,90,8,40,JavaScript,node2
280,Spacy,853,43,160,Python,node2
281,s3-lambda-ffmpeg-mov-to-mp4-s3,6,1,5,JavaScript,node2
282,twitter-to-slack-message,0,1,0,Python,node2
283,owlhub-lambda-version-cleaner,1,2,0,Python,node2
284,kinesis-firehose-syslog-to-csv,42,7,23,JavaScript,node2
285,human-trafficking-facts,0,0,0,JavaScript,node2
286,s3-lambda-markdown-to-html-s3,2,1,1,JavaScript,node2
287,amazon-elasticsearch-service-with-cognito,11,4,2,TypeScript,node2
288,dazn-lambda-powertools,230,98,21,JavaScript,node2
289,Voice-Lexicon-API,0,1,0,Python,node2
290,AthenaHBaseConnector,89,21,17,Java,node2
291,sfn-yaml-macro,12,1,2,Python,node2
292,aws-serverless-financial-functions-pv,38,19,8,Python,node2
293,aws-sqs-dlq-redriver,3,1,2,Python,node2
294,api-websockets-push-notifications-dynamodb,2,1,1,JavaScript,node2
295,LambdaEdgeRemoveTrailingSlash,2,1,1,JavaScript,node2
296,rekognition-sqs,8,0,5,Python,node2
297,acm-dns-record-manager,2,1,1,JavaScript,node2
298,RecyclingLocationFinder,0,1,0,Python,node2
299,alb-logs-firehose-publisher,5,1,0,Go,node2
300,amazon-pinpoint-call-generator,6,2,4,JavaScript,node2
301,aws-serverless-financial-functions-fv,38,19,8,Python,node2
302,aws-sam-codepipeline-cd,24,11,12,None,node2
303,signed-url-generator,1,1,0,Python,node2
304,AthenaUserDefinedFunctions,89,21,17,Java,node2
305,codepipeline-s3-deploy,0,1,0,JavaScript,node2
306,GenerateLookML,0,64,1,Python,node2
307,logicmonitor-send-cloudwatch-events,2,18,0,Python,node2
308,dynamodb-history-storer,9,2,1,JavaScript,node2
309,serverless-search,104,4,10,JavaScript,node2
310,lambda-customresource-testing,0,0,0,None,node2
311,AthenaTPCDSConnector,89,21,17,Java,node2
312,ApplicationCostMonitoring,11,3,1,Python,node2
313,mechanicalrock-pipeline-dashboard,1,0,0,JavaScript,node2
314,sns2telegram,6,1,0,Go,node2
315,kinesis-firehose-apachelog-to-csv-python,42,7,23,JavaScript,node2
316,lambda-versions-deleter,0,1,0,Python,node2
317,EnergyProductFinder,1,1,0,Python,node2
318,cloudfront-multiple-remote-calls-aggregate-response,42,7,23,JavaScript,node2
319,platform-client-secret-rotator,1,5,0,Python,node2
320,autodeploy-layer,8,1,1,JavaScript,node2
321,s3-pgp-encryptor,3,1,5,JavaScript,node2
322,aws-sam-codebuild-ci,15,11,6,None,node2
323,cfn-news-to-telegram,1,1,0,HTML,node2
324,workmail-wordpress-python,7,3,5,Python,node2
325,generic-webhook-to-eventbridge,18,2,2,TypeScript,node2
326,appsync-graphql-crud-dynamodb,9,1,1,None,node2
327,rev11-attiotbutton-SQL,0,2,0,None,node2
328,ec2-spot-interruption-logging-insights,599,63,203,Jupyter Notebook,node2
329,guardduty-log-uploader,3,1,1,Go,node2
330,kinesis-firehose-syslog-to-csv-python,42,7,23,JavaScript,node2
331,kinesis-firehose-syslog-to-json,42,7,23,JavaScript,node2
332,kinesis-data-firehose-to-s3,1,1,0,Makefile,node2
333,nephridium,2,0,0,JavaScript,node2
334,MWSAlerts,1,1,1,Python,node2
335,HDFproc,853,43,160,Python,node2
336,blur-faces-rekognition,2,1,0,Python,node2
337,small-data-service,1,1,0,Python,node2
338,daily-billing-report-to-slack,0,1,0,Python,node2
339,ThundraImageLinkExtractor,13,4,4,Java,node2
340,phone-home,0,1,0,JavaScript,node2
341,workmail-chat-bot-python,7,3,5,Python,node2
342,S3-Auto-Translator,1,1,0,JavaScript,node2
343,sumologic-aws-cloudtrail-benchmark,98,47,107,Python,node2
344,monte-carlo-pi,0,1,0,Python,node2
345,pushilka-cloudfront-headers,0,1,2,JavaScript,node2
346,uvasoftware-guarana,0,1,0,Java,node2
347,timestamp-custom-resource,0,1,0,Python,node2
348,generic-webhook-to-sns,3,3,0,TypeScript,node2
349,SpheroAlexaSkill,4,1,0,JavaScript,node2
350,s3-lambda-markdown-to-docx-s3,4,1,0,JavaScript,node2
351,image-proxy,5,0,1,Go,node2
352,AthenaSQLITEConnector,29,4,2,Python,node2
353,twilio-conference,42,7,23,JavaScript,node2
354,aws-serverless-financial-functions-mirr,38,19,8,Python,node2
355,dungeon-maestro-slack-bot,3,1,0,Go,node2
356,ssm-sign-proxy,0,2,0,Go,node2
357,twilio-simple-blueprint,42,7,23,JavaScript,node2
358,s3-lambda-svg-to-pdf-s3,1,1,1,JavaScript,node2
359,aws-serverless-financial-functions-pmt,38,19,8,Python,node2
360,kinesis-firehose-process-record-streams-as-source-python,42,7,23,JavaScript,node2
361,OpenIdAuthorizer,3,1,1,C#,node2
362,lambda-create-email-template-ses,2,2,0,JavaScript,node2
363,lambda-slack-handler,0,2,1,JavaScript,node2
364,lambci,3768,96,220,Shell,node2
365,trigger-t2-unlimited-with-sns,3,1,2,Python,node2
366,rev11-attiotbutton-filemakerapi,0,2,0,None,node2
367,deno-hello-world,147,8,2,TypeScript,node2
368,LambdaScale,7,10,2,JavaScript,node2
369,Cribl-S3-To-Snowflake,1,1,2,JavaScript,node2
370,sar-aws-sns-to-slack,1,1,0,Python,node2
371,ACM-DynamoDB-Publisher,0,1,1,Python,node2
372,Find-Places,0,1,0,JavaScript,node2
373,s3-lambda-ffmpeg-aac-wav-to-mp3-s3,5,2,3,JavaScript,node2
374,comment-moderator,0,0,0,JavaScript,node2
375,dynamodb-to-s3-importer,0,1,0,JavaScript,node2
376,url-redirect-https,69,6,27,Makefile,node2
377,failed-emr-info,0,1,1,Python,node2
378,ServerlessCron,69,6,27,Makefile,node2
379,ACM-S3-Publisher,2,1,1,Python,node2
380,lending-app-nodejs6,0,0,0,JavaScript,node2
381,aws-serverless-financial-functions-ppmt,38,19,8,Python,node2
382,Image-to-Textract-Response,0,0,0,Python,node2
383,platform-authorizer,3,4,1,JavaScript,node2
384,ExcelLexBot,8,2,6,Python,node2
385,amazon-connect-outbound-prompt-call,50,3,15,Makefile,node2
386,lambda-logs-athena-example,0,1,0,Python,node2
387,api-lambda-send-templated-email-ses,4,2,0,JavaScript,node2
388,codepipeline-versioner,0,1,0,JavaScript,node2
389,detect-stack-drifts,3,1,1,Python,node2
390,Update-Route53-Record-to-Ec2-PublicIp-Python3,2,1,2,Python,node2
391,Carrier-Info,0,0,0,JavaScript,node2
392,kim-demo,1,2,2,JavaScript,node2
393,lambda-s3-zip,0,1,0,JavaScript,node2
394,aws-services-by-region,0,1,0,Python,node2
395,exif-reader,2,1,2,Perl,node2
396,AWSNewsFeed,2,1,1,Python,node2
397,Slack-Translate,0,0,0,JavaScript,node2
398,aws-serverless-financial-functions-npv,38,19,8,Python,node2
399,aws-serverless-financial-functions-sln,38,19,8,Python,node2
400,LambdaUtilities,0,2,1,Python,node2
401,sagemaker-image-classification,0,2,1,Jupyter Notebook,node2
402,Mill,9,8,0,JavaScript,node2
403,Parameter-Store-ECS-Updater-and-Deployer,2,0,0,Go,node2
404,AWS-Backup-DynamoDB-Rotator,7,1,1,Go,node2
405,twilio-forward,42,7,23,JavaScript,node2
406,text2event,0,0,0,JavaScript,node2
407,ALB-Lambda-Target-UploadFiletoS3,211,22,67,Java,node2
408,Cleaner,0,1,0,Python,node2
409,format-splunk-aws-sns-alert,0,1,0,Python,node2
410,sumologic-process-logs,42,7,23,JavaScript,node2
411,cloudfront-security-group-update-ips,0,1,0,Python,node2
412,S3-Auto-transcriber-and-sentiment-analyzer,2,1,0,JavaScript,node2
413,human-trafficking-goods-indicator-api,0,0,0,Python,node2
414,ThundraNodeJSHelloWorld,9,2,3,JavaScript,node2
415,codepipeline-s3-objects-public-read-multi-buildartifact,0,1,0,JavaScript,node2
416,serverless-uptime-monitor,0,1,0,JavaScript,node2
417,aws-serverless-website-canary,4,1,0,JavaScript,node2
418,aws-serverless-financial-functions-nominal,38,19,8,Python,node2
419,aws-serverless-financial-functions-irr,38,19,8,Python,node2
420,CodePipelineSlackApprover,6,1,0,Ruby,node2
421,s3-signed-urls,4,1,0,JavaScript,node2
422,codedeployhook,0,4,0,Go,node2
423,fqdnService,0,9,0,TypeScript,node2
424,traffic-cop-query-engine,4,3,3,C++,node2
425,signed-links-cognito,0,1,0,JavaScript,node2
426,IoT-Session-Feedback,2,0,0,JavaScript,node2
427,sumologic-jfrog-xray,1,29,1,Python,node2
428,amplify-console-notification,0,1,0,TypeScript,node2
429,lambda-edge-logs-aggregator,2,1,0,Shell,node2
430,birthday-to-age,0,1,0,Go,node2
431,MedPal,1,0,1,JavaScript,node2
432,api-gateway-component,0,2,0,None,node2
433,ship-logs-to-honeycomb,4,1,1,JavaScript,node2
434,DailyQuotes,0,0,0,Python,node2
435,twilio-menu,42,7,23,JavaScript,node2
436,codepipeline-s3-objects-public-read,0,1,2,JavaScript,node2
437,cloudwatch-alarms-macro,16,2,1,JavaScript,node2
438,CitizenDispatch,4,0,1,JavaScript,node2
439,kim-demo2,1,2,2,JavaScript,node2
440,lambda-edge-header-adder-python,0,1,0,Python,node2
441,selfless-service-updates,0,1,0,Python,node2
442,s3-to-dynamodb-importer,6,1,1,JavaScript,node2
443,dynamodb-process-stream-python,42,7,23,JavaScript,node2
444,dynamodb-scaling-event-to-datadog,0,1,0,Python,node2
445,CopyToBucket,0,0,0,JavaScript,node2
446,chime-eks-top,1,1,0,Makefile,node2
447,aws-serverless-financial-functions-nper,38,19,8,Python,node2
448,aws-serverless-financial-functions-rate,38,19,8,Python,node2
449,aws-serverless-financial-functions-fvschedule,38,19,8,Python,node2
450,commentable-rs,4,2,0,Rust,node2
451,cloudfront-cdn,1,1,0,JavaScript,node2
452,sam-alb,3,4,0,Go,node2
453,cloudwatch-logs-janitor,0,0,0,Python,node2
454,buildkite-serverless-agent,11,0,2,Go,node2
455,TwilioMessageReceiver,10,1,2,None,node2
456,serverless-cognito-auth,1,1,0,Go,node2
457,vpc-traffic-mirroring-source-automation,4,4,2,Python,node2
458,logs-insights-to-metric,0,1,0,None,node2
459,ec2-cleanup,0,0,0,Go,node2
460,dynamodb-table-storage-metrics,0,1,0,Python,node2
461,aws-console-sign-in-to-telegram,0,1,0,Python,node2
462,lambda-logs-event-source,0,4,0,JavaScript,node2
463,aws-serverless-financial-functions-effect,38,19,8,Python,node2
464,lambda-layer-mecab-python3,0,1,0,Dockerfile,node2
465,age-nudity-recognizer,0,1,0,Python,node2
466,AWSBlogsFeed,1,2,1,Python,node2
467,eks-auth-update-hook,61,5,26,Makefile,node2
468,aws-serverless-financial-functions-xnpv,38,19,8,Python,node2
469,awscallouts,0,1,0,Python,node2
470,tf-state-store,0,0,0,Makefile,node2
471,SnsEmailForms,0,1,0,TypeScript,node2
472,serverless-data-pipeline,8,2,0,Python,node2
473,aws-bills-to-telegram,1,1,0,Python,node2
474,ExpiryChecker,0,0,0,JavaScript,node2
475,github-webhook-slack-notifier,0,1,0,JavaScript,node2
476,sns-to-telegram,0,0,0,Go,node2
477,GetMetricWidgetImageAndNotifySlack,0,1,1,Python,node2
478,UpdateLambdaLayers,9,0,0,Python,node2
479,step-functions-error-python,42,7,23,JavaScript,node2
480,ecs-task-stats-logger,100,12,64,Python,node2
481,create-databases-in-rds,0,23,0,Python,node2
482,create-databases-is-rds,0,23,0,Python,node2
483,CopyRepoToCodeCommit,2,0,1,Python,node2
484,config-rule-change-triggered,42,7,23,JavaScript,node2
485,step-functions-error,42,7,23,JavaScript,node2
486,logicmonitor-send-eventbridge-events,42,7,23,JavaScript,node2
487,meta-codepipeline,0,1,1,Shell,node2
488,ecs-svc-custom-metrics-logger,100,12,64,Python,node2
489,ssm-parameters-getter-lambda,2,0,1,JavaScript,node2
490,dynamic-security-group-builder,50,3,15,Makefile,node2
491,cloudfront-sg-manager,1,1,0,Python,node2
492,Set-CloudWatch-LogGroup-Expiry,0,3,0,Python,node2
493,dynamodb-process-stream,42,7,23,JavaScript,node2
494,speelycaptor,3,2,0,JavaScript,node2
495,SOSandImageProcessing,0,1,0,None,node2
496,AIImageProcessor,1,0,0,JavaScript,node2
497,api-lambda-send-bulk-templated-email-ses,0,1,0,JavaScript,node2
498,serverless-agentless-honeycomb-publisher,1,0,0,Go,node2
499,dynamodb-local-python,6,0,2,Python,node2
500,serverless-cicd-pipeline,1,1,0,None,node2
501,check-datadog-custom-metrics-usage,0,0,0,JavaScript,node2
502,s3-lambda-sns-demo,1,0,0,Python,node2
503,ThundraPythonHelloWorld,2,3,0,Python,node2
504,GetMetricWidgetImage,0,1,1,Python,node2
505,aws-serverlessrepo-auto-deploy,0,1,0,Python,node2
506,config-rule-periodic,42,7,23,JavaScript,node2
507,acm-cert-validation,0,0,0,Python,node2
0,alexa-skills-kit-nodejs-factskill,999,137,1184,JavaScript,node3
1,hello-world,42,7,22,JavaScript,node3
2,alexa-skills-kit-nodejs-triviaskill,242,75,317,JavaScript,node3
3,alexa-skills-kit-nodejs-howtoskill,235,56,205,JavaScript,node3
4,Datadog-Log-Forwarder,143,173,217,Python,node3
5,microservice-http-endpoint,42,7,22,JavaScript,node3
6,alexa-skills-kit-color-expert-python,42,7,22,JavaScript,node3
7,alexa-skills-kit-color-expert,42,7,22,JavaScript,node3
8,hello-world-python3,42,7,22,JavaScript,node3
9,alexa-smart-home-skill-adapter,42,7,22,JavaScript,node3
10,image-magick-lambda-layer,67,5,39,JavaScript,node3
11,image-resizer-service,64,0,32,JavaScript,node3
12,alexa-skills-kit-python36-factskill,87,22,145,Python,node3
13,uploader,90,8,40,JavaScript,node3
14,api-gateway-dev-portal,528,35,181,JavaScript,node3
15,cloudfront-response-generation,42,7,22,JavaScript,node3
16,https-request,42,7,22,JavaScript,node3
17,api-lambda-save-dynamodb,36,3,10,JavaScript,node3
18,NewRelic-log-ingestion,13,20,16,Python,node3
19,standard-redirects-for-cloudfront,16,2,3,JavaScript,node3
20,api-lambda-send-email-ses,18,2,3,JavaScript,node3
21,ffmpeg-lambda-layer,103,10,21,JavaScript,node3
22,hello-world-python,42,7,22,JavaScript,node3
23,SecretsManagerRedshiftRotationSingleUser,62,15,64,Python,node3
24,alexa-skills-kit-nodejs-premium-facts-skill,53,25,56,JavaScript,node3
25,AmazonConnectSalesforceLambda,6,3,3,Python,node3
26,ALB-Lambda-Target-HelloWorld,211,22,67,Java,node3
27,cloudwatch-alarm-to-slack,42,7,22,JavaScript,node3
28,lambda-to-slack,5,1,5,Python,node3
29,aws-deployment-framework,248,34,77,Python,node3
30,serverless-todo,22,3,13,JavaScript,node3
31,alexa-skills-kit-nodejs-hello-world,153,56,258,JavaScript,node3
32,image-processing-service,42,7,22,JavaScript,node3
33,amazon-cognito-passwordless-email-auth,83,5,31,TypeScript,node3
34,alexa-skills-kit-nodejs-basic-welcome,1,0,0,JavaScript,node3
35,sqs-poller,42,7,22,JavaScript,node3
36,api-gateway-authorizer-nodejs,42,7,22,JavaScript,node3
37,AthenaCloudwatchConnector,89,21,17,Java,node3
38,AthenaDynamoDBConnector,89,21,17,Java,node3
39,cloudfront-authorization-at-edge,45,7,13,TypeScript,node3
40,s3-lambda-save-dynamodb,10,2,1,JavaScript,node3
41,cloudwatch-alarm-to-slack-python3,42,7,22,JavaScript,node3
42,simple-mobile-backend,42,7,22,JavaScript,node3
43,lambda-layer-awscli,50,3,15,Makefile,node3
44,SecretsManagerMongoDBRotationSingleUser,62,15,64,Python,node3
45,sns-message,42,7,22,JavaScript,node3
46,microservice-http-endpoint-python,42,7,22,JavaScript,node3
47,s3-get-object,42,7,22,JavaScript,node3
48,hello-go-serverless-webapp,19,3,4,Go,node3
49,microservice-http-endpoint-python3,42,7,22,JavaScript,node3
50,cloudfront-modify-response-header,42,7,22,JavaScript,node3
51,AthenaJdbcConnector,89,21,17,Java,node3
52,amazon-cloudfront-access-logs-queries,27,4,23,JavaScript,node3
53,resize,90,8,40,JavaScript,node3
54,api-lambda-update-dynamodb,3,2,1,JavaScript,node3
55,cloudfront-http-redirect,42,7,22,JavaScript,node3
56,Serverless-S3-Uploader,7,1,6,JavaScript,node3
57,api-lambda-get-one-dynamodb,6,1,0,JavaScript,node3
58,api-lambda-get-all-dynamodb,1,1,0,JavaScript,node3
59,Tesseract,853,43,160,Python,node3
60,cw-logs-to-lambda,1,1,0,Python,node3
61,cw-logs-to-slack,4,1,3,Makefile,node3
62,lambda-janitor,22,4,8,JavaScript,node3
63,aws-serverless-twitter-event-source,65,14,17,Python,node3
64,lambda-layer-kubectl,61,5,26,Makefile,node3
65,tic-tac-toe,1,1,1,Python,node3
66,aws-lambda-power-tuning,969,34,55,JavaScript,node3
67,s3-get-object-python,42,7,22,JavaScript,node3
68,sns-subscription-filter-policy-string,105,19,16,Python,node3
69,amplify-passwordless-sms-auth,26,4,30,Swift,node3
70,lambda-authorizer-basic-auth,29,1,3,Python,node3
71,aws-sagemaker-ground-truth-recipe,6,1,6,Python,node3
72,lightsail-backups,44,8,19,JavaScript,node3
73,serverless-form-handler,11,0,3,JavaScript,node3
74,sns-message-python,42,7,22,JavaScript,node3
75,s3-get-object-python3,42,7,22,JavaScript,node3
76,SecretsManagerRedshiftRotationMultiUser,62,15,64,Python,node3
77,alexa-anagram,5,3,4,JavaScript,node3
78,serverless-cognito,50,2,7,Python,node3
79,rekognition-python,42,7,22,JavaScript,node3
80,Chromium,853,43,160,Python,node3
81,fork-event-storage-backup-pipeline,105,19,16,Python,node3
82,serverless-chrome-layer,4,1,0,JavaScript,node3
83,auto-subscribe-log-group-to-arn,30,2,4,JavaScript,node3
84,CodePipelineSlackNotifier,68,2,27,Shell,node3
85,aws-serverless-sqs-event-source,32,7,12,Java,node3
86,s3-lambda-publisher-sns,3,1,2,JavaScript,node3
87,api-lambda-stripe-charge,30,3,5,JavaScript,node3
88,sumologic-loggroup-connector,98,47,107,Python,node3
89,dynamodb-process-stream-python3,42,7,22,JavaScript,node3
90,Contact-Us,43,3,15,JavaScript,node3
91,lambda-web-page-example,4,0,6,JavaScript,node3
92,galleria,90,8,40,JavaScript,node3
93,api-lambda-sns-publisher,0,1,1,JavaScript,node3
94,ghostscript-lambda-layer,5,1,0,Makefile,node3
95,api-gateway-authorizer-python,42,7,22,JavaScript,node3
96,compress,90,8,40,JavaScript,node3
97,elasticsearch-cleanup,99,16,63,Python,node3
98,slack-echo-command-python,42,7,22,JavaScript,node3
99,step-functions-send-to-sns,42,7,22,JavaScript,node3
100,lambda-iot-rule,0,1,1,JavaScript,node3
101,kinesis-firehose-apachelog-to-json,42,7,22,JavaScript,node3
102,s3-presigned-url,6682,333,1699,Python,node3
103,lambdium,213,12,31,JavaScript,node3
104,pipeline-dashboard,88,8,33,JavaScript,node3
105,slack-echo-command,42,7,22,JavaScript,node3
106,DocumentGenerator,853,43,160,Python,node3
107,ses-notification-nodejs,42,7,22,JavaScript,node3
108,lex-book-trip,42,7,22,JavaScript,node3
109,workmail-hello-world-python,7,3,5,Python,node3
110,lambda-canary-python3,42,7,22,JavaScript,node3
111,acloudguru-alexadevs-leaderboard,4,7,6,JavaScript,node3
112,sumologic-securityhub-collector,98,47,107,Python,node3
113,Pandas,853,43,160,Python,node3
114,sqs-to-dynamodb,0,1,1,JavaScript,node3
115,s3-replicator,5,2,3,JavaScript,node3
116,sumologic-slack,0,29,1,Python,node3
117,fork-event-replay-pipeline,105,19,16,Python,node3
118,fork-event-search-analytics-pipeline,105,19,16,Python,node3
119,dynamodb-lex,2,2,1,JavaScript,node3
120,sns-lambda-subscriber-dynamodb,2,1,0,JavaScript,node3
121,ddb-copier,5,2,3,Java,node3
122,ALB-Lambda-Target-WhatisMyIP,211,22,67,Java,node3
123,aws-serverless-codepipeline-serverlessrepo-publish,11,11,7,Python,node3
124,sns-subscriber-lambda-s3,3,1,1,JavaScript,node3
125,machine-learning-with-scikit-learn-on-lamdba,11,0,4,Python,node3
126,github-codebuild-logs,29,4,5,Python,node3
127,lex-order-flowers,42,7,22,JavaScript,node3
128,kinesis-firehose-process-record-streams-as-source,42,7,22,JavaScript,node3
129,tweet-sentiment,1,1,0,Python,node3
130,dynamodb-lambda-publisher-sns,0,1,0,JavaScript,node3
131,stu,23,4,9,HTML,node3
132,cloudfront-redirect-on-viewer-country,42,7,22,JavaScript,node3
133,fork-example-ecommerce-checkout-pipeline,105,19,16,Python,node3
134,cloudwatch-alarm-to-slack-python,42,7,22,JavaScript,node3
135,fork-example-ecommerce-checkout-api,105,19,16,Python,node3
136,whats-your-name,15,2,2,Python,node3
137,rotate,90,8,40,JavaScript,node3
138,api-lambda-delete-dynamodb,1,1,0,JavaScript,node3
139,kinesis-process-record,42,7,22,JavaScript,node3
140,cloudwatch-logs-process-data,42,7,22,JavaScript,node3
141,ThundraHelloWorld,13,4,4,Java,node3
142,cloudfront-redirect-unauthenticated-users,42,7,22,JavaScript,node3
143,sfn-callback-urls,34,1,4,Python,node3
144,sumologic-mongodb-atlas,0,5,2,Python,node3
145,image-moderation-chatbot,122,47,53,Python,node3
146,Twitter-Poller-to-Kinesis-Firehose,102,26,46,Python,node3
147,lex-make-appointment,42,7,23,JavaScript,node3
148,helloWorldLex,23,3,10,JavaScript,node3
149,NYC-Parks-Events-Crawler,8,0,4,Python,node3
150,ImageProcessingPython,853,43,160,Python,node3
151,s3-static-site,6,1,2,None,node3
152,requests-python-layer-app,1,1,0,Shell,node3
153,timber-logging,3,8,2,Python,node3
154,ses-notification-python,42,7,23,JavaScript,node3
155,kinesis-process-record-python,42,7,23,JavaScript,node3
156,kinesis-analytics-process-record-python,42,7,23,JavaScript,node3
157,inbound-ses-spam-filter,42,7,23,JavaScript,node3
158,UvaSoftware-Scanii-Lambda,21,4,5,JavaScript,node3
159,SecretsManagerMongoDBRotationMultiUser,62,15,64,Python,node3
160,deploy-to-s3,15,4,8,Python,node3
161,Automated-IAM-policy-alerts-and-approvals,6,3,1,JavaScript,node3
162,AutoUpdateCloudfrontSecurityGroups,4,2,0,Python,node3
163,kinesis-firehose-cloudwatch-logs-processor,42,7,23,JavaScript,node3
164,aws-tag-explorer,10,1,3,Python,node3
165,S3-Image-Monitoring-Detection-Using-Rekognition-Publish-Data-on-SNS,3,1,3,Python,node3
166,lex-book-trip-python,42,7,23,JavaScript,node3
167,kinesis-firehose-apachelog-to-json-python,42,7,23,JavaScript,node3
168,cognito-sync-trigger,42,7,23,JavaScript,node3
169,inspector-scheduled-run,42,7,23,JavaScript,node3
170,rsvg-convert-lambda-layer,27,1,11,JavaScript,node3
171,sumologic-guardduty-benchmark,98,47,107,Python,node3
172,lambda-layer-headless-chromium,34,1,5,Makefile,node3
173,cloudfront-s3-origin-website-redirects,1,0,2,JavaScript,node3
174,datadog-process-rds-metrics,42,7,23,JavaScript,node3
175,auto-set-log-group-retention,30,2,4,JavaScript,node3
176,TweetEventSource,2,2,2,TypeScript,node3
177,AthenaCloudwatchMetricsConnector,89,21,17,Java,node3
178,lambda-canary,42,7,23,JavaScript,node3
179,cloudfront-ab-test,42,7,23,JavaScript,node3
180,ecr-deploy,8,1,3,Python,node3
181,Alexa-Nodejs-Dynamic-Content,0,1,2,JavaScript,node3
182,serverless-numpy,3,1,1,Python,node3
183,lex-make-appointment-python,42,7,23,JavaScript,node3
184,cloudwatch-loggly-forwarder,10,12,0,Ruby,node3
185,kinesis-firehose-apachelog-to-csv,42,7,23,JavaScript,node3
186,pandoc-lambda-layer,29,1,11,JavaScript,node3
187,realworld-serverless-application-backend-database,309,27,46,Java,node3
188,async-custom-metrics,17,1,0,JavaScript,node3
189,alexa-city-biking-skill,2,1,2,JavaScript,node3
190,cloudwatch-logs-to-loggly,42,7,23,JavaScript,node3
191,slack-slash-hodor,1,1,1,JavaScript,node3
192,aws-dynamodb-stream-eventbridge-fanout,18,9,3,Java,node3
193,getting-started-with-dynamodb-reviews-inserter,0,2,1,Python,node3
194,kinesis-analytics-process-record,42,7,23,JavaScript,node3
195,aws-serverless-sns-forwarder,6,10,4,Python,node3
196,s3-lambda-csv-to-xlsx-s3,6,2,3,JavaScript,node3
197,realworld-serverless-application-backend,309,27,46,Java,node3
198,realworld-serverless-application-backend-api,309,27,46,Java,node3
199,api-gateway-multiple-origin-cors,6682,333,1699,Python,node3
200,my-ip-today,4,1,2,TypeScript,node3
201,plantuml-render,22,5,4,HTML,node3
202,sns-lambda-put-cloudwatch,1,1,0,JavaScript,node3
203,lambda-test-harness,42,7,23,JavaScript,node3
204,lex-order-flowers-python,42,7,23,JavaScript,node3
205,alexa-skill-clean-code-template,9,0,2,JavaScript,node3
206,EventWriter,4,2,0,JavaScript,node3
207,aws-private-ca-policy-venafi,3,8,2,Go,node3
208,ServerlessNetworkingPython3,64,7,2,C++,node3
209,realworld-serverless-application,309,27,46,Java,node3
210,realworld-serverless-application-analytics,309,27,46,Java,node3
211,realworld-serverless-application-static-website,309,27,46,Java,node3
212,realworld-serverless-application-ops-dashboard,309,27,46,Java,node3
213,realworld-serverless-application-ops-alarm,309,27,46,Java,node3
214,realworld-serverless-application-ops,309,27,46,Java,node3
215,aurora-api,0,1,0,JavaScript,node3
216,acme-cert-updater,4,2,0,Python,node3
217,algorithmia,42,7,23,JavaScript,node3
218,Glim,1,1,0,Python,node3
219,AthenaAwsCmdbConnector,89,21,17,Java,node3
220,python-sam-codebuild-ci,3,2,1,None,node3
221,Load-testing,853,43,160,Python,node3
222,appsync-broadcaster,12,1,2,JavaScript,node3
223,aws-health-event-to-slack-message,5,1,1,Python,node3
224,python-lambdacore,7,1,1,Python,node3
225,cw-logs-to-chime,0,1,0,Python,node3
226,hotdog-detector,91,38,25,Python,node3
227,cfn-look-up-ami-ids,42,7,23,JavaScript,node3
228,sumologic-securityhub-forwarder,98,47,107,Python,node3
229,deno,147,8,2,TypeScript,node3
230,Kinesis-Enhanced-Fan-Out-to-DDB-S3,1,0,3,JavaScript,node3
231,kinesis-analytics-process-compressed-record,42,7,23,JavaScript,node3
232,LogzioCloudWatchShipper,27,10,33,Python,node3
233,sepia,90,8,40,JavaScript,node3
234,lambda-to-chime,0,1,0,Python,node3
235,Salesforce-API-Access-Manager-Monitor-Logger,2,2,1,JavaScript,node3
236,cfn-stack-outputs,42,7,23,JavaScript,node3
237,cloudfront-simple-remote-call,42,7,23,JavaScript,node3
238,cloudfront-modify-querystring,42,7,23,JavaScript,node3
239,s3-lambda-transcribe-audio-to-text-s3,62,2,0,JavaScript,node3
240,crop,90,8,40,JavaScript,node3
241,api-gateway-multiple-origin-cors,6682,333,1699,Python,node3
242,node-exec,42,7,23,JavaScript,node3
243,ServerlessEventTestTarget,1,1,0,JavaScript,node3
244,s3-cost-explorer,1,1,0,Python,node3
245,Automated-Support-Ticket-Moderator,2,1,0,JavaScript,node3
246,alexa-super-heroes,0,1,0,Python,node3
247,aws-sns-to-slack-publisher,18,1,7,Python,node3
248,kinesis-analytics-process-kpl-record,42,7,23,JavaScript,node3
249,json-logs-to-kinesis-firehose,0,1,1,Python,node3
250,cloudfront-access-request-in-response,42,7,23,JavaScript,node3
251,inbound-ses-spam-filter-python,42,7,23,JavaScript,node3
252,aws-internal-healthcheck,4,1,2,JavaScript,node3
253,sumologic-app-utils,98,47,107,Python,node3
254,s3-lambda-csv-to-pdf-s3,0,1,0,JavaScript,node3
255,photo-gallery,1,1,0,TypeScript,node3
256,ALB-Lambda-Target-BinaryResponse,211,22,67,Java,node3
257,EtsyShopEventSource,2,1,0,TypeScript,node3
258,s3-lambda-image-text-detection-dynamodb,3,1,3,TypeScript,node3
259,AthenaRedisConnector,89,21,17,Java,node3
260,portable-serverless-app,12,4,3,JavaScript,node3
261,kinesis-firehose-process-record,42,7,23,JavaScript,node3
262,metric-publisher-app,5,11,7,Python,node3
263,Return-Set-Word-Python3,0,0,1,Python,node3
264,mechanicalrock-ops-metrics,2,1,0,TypeScript,node3
265,exif-metadata-extractor,4,1,1,Python,node3
266,retweet-leaderboard,10,2,1,Java,node3
267,aws-serverless-financial-functions-xirr,38,19,8,Python,node3
268,kinesis-firehose-syslog-to-json-python,42,7,23,JavaScript,node3
269,realtime-chatapp,2,0,1,None,node3
270,eks-lambda-drainer,0,0,0,None,node3
271,AthenaDocumentDBConnector,89,21,17,Java,node3
272,aws-serverless-financial-functions-wrapper,38,19,8,Python,node3
273,aws-support-bot,0,0,1,Python,node3
274,Packer-Cleaner,3,1,1,Python,node3
275,Cloudwatch-event-serverless-monitor-and-get-alerted-on-aws-account-activity,0,0,2,Python,node3
276,kinesis-firehose-process-record-python,42,7,23,JavaScript,node3
277,amazon-cognito-passwordless-facial-rekognition-auth,13,4,4,JavaScript,node3
278,LightGBM,853,43,160,Python,node3
279,blur,90,8,40,JavaScript,node3
280,Spacy,853,43,160,Python,node3
281,s3-lambda-ffmpeg-mov-to-mp4-s3,6,1,5,JavaScript,node3
282,twitter-to-slack-message,0,1,0,Python,node3
283,owlhub-lambda-version-cleaner,1,2,0,Python,node3
284,kinesis-firehose-syslog-to-csv,42,7,23,JavaScript,node3
285,human-trafficking-facts,0,0,0,JavaScript,node3
286,s3-lambda-markdown-to-html-s3,2,1,1,JavaScript,node3
287,amazon-elasticsearch-service-with-cognito,11,4,2,TypeScript,node3
288,dazn-lambda-powertools,230,98,21,JavaScript,node3
289,Voice-Lexicon-API,0,1,0,Python,node3
290,AthenaHBaseConnector,89,21,17,Java,node3
291,sfn-yaml-macro,12,1,2,Python,node3
292,aws-serverless-financial-functions-pv,38,19,8,Python,node3
293,aws-sqs-dlq-redriver,3,1,2,Python,node3
294,api-websockets-push-notifications-dynamodb,2,1,1,JavaScript,node3
295,LambdaEdgeRemoveTrailingSlash,2,1,1,JavaScript,node3
296,rekognition-sqs,8,0,5,Python,node3
297,acm-dns-record-manager,2,1,1,JavaScript,node3
298,RecyclingLocationFinder,0,1,0,Python,node3
299,alb-logs-firehose-publisher,5,1,0,Go,node3
300,amazon-pinpoint-call-generator,6,2,4,JavaScript,node3
301,aws-serverless-financial-functions-fv,38,19,8,Python,node3
302,aws-sam-codepipeline-cd,24,11,12,None,node3
303,signed-url-generator,1,1,0,Python,node3
304,AthenaUserDefinedFunctions,89,21,17,Java,node3
305,codepipeline-s3-deploy,0,1,0,JavaScript,node3
306,GenerateLookML,0,64,1,Python,node3
307,logicmonitor-send-cloudwatch-events,2,18,0,Python,node3
308,dynamodb-history-storer,9,2,1,JavaScript,node3
309,serverless-search,104,4,10,JavaScript,node3
310,lambda-customresource-testing,0,0,0,None,node3
311,AthenaTPCDSConnector,89,21,17,Java,node3
312,ApplicationCostMonitoring,11,3,1,Python,node3
313,mechanicalrock-pipeline-dashboard,1,0,0,JavaScript,node3
314,sns2telegram,6,1,0,Go,node3
315,kinesis-firehose-apachelog-to-csv-python,42,7,23,JavaScript,node3
316,lambda-versions-deleter,0,1,0,Python,node3
317,EnergyProductFinder,1,1,0,Python,node3
318,cloudfront-multiple-remote-calls-aggregate-response,42,7,23,JavaScript,node3
319,platform-client-secret-rotator,1,5,0,Python,node3
320,autodeploy-layer,8,1,1,JavaScript,node3
321,s3-pgp-encryptor,3,1,5,JavaScript,node3
322,aws-sam-codebuild-ci,15,11,6,None,node3
323,cfn-news-to-telegram,1,1,0,HTML,node3
324,workmail-wordpress-python,7,3,5,Python,node3
325,generic-webhook-to-eventbridge,18,2,2,TypeScript,node3
326,appsync-graphql-crud-dynamodb,9,1,1,None,node3
327,rev11-attiotbutton-SQL,0,2,0,None,node3
328,ec2-spot-interruption-logging-insights,599,63,203,Jupyter Notebook,node3
329,guardduty-log-uploader,3,1,1,Go,node3
330,kinesis-firehose-syslog-to-csv-python,42,7,23,JavaScript,node3
331,kinesis-firehose-syslog-to-json,42,7,23,JavaScript,node3
332,kinesis-data-firehose-to-s3,1,1,0,Makefile,node3
333,nephridium,2,0,0,JavaScript,node3
334,MWSAlerts,1,1,1,Python,node3
335,HDFproc,853,43,160,Python,node3
336,blur-faces-rekognition,2,1,0,Python,node3
337,small-data-service,1,1,0,Python,node3
338,daily-billing-report-to-slack,0,1,0,Python,node3
339,ThundraImageLinkExtractor,13,4,4,Java,node3
340,phone-home,0,1,0,JavaScript,node3
341,workmail-chat-bot-python,7,3,5,Python,node3
342,S3-Auto-Translator,1,1,0,JavaScript,node3
343,sumologic-aws-cloudtrail-benchmark,98,47,107,Python,node3
344,monte-carlo-pi,0,1,0,Python,node3
345,pushilka-cloudfront-headers,0,1,2,JavaScript,node3
346,uvasoftware-guarana,0,1,0,Java,node3
347,timestamp-custom-resource,0,1,0,Python,node3
348,generic-webhook-to-sns,3,3,0,TypeScript,node3
349,SpheroAlexaSkill,4,1,0,JavaScript,node3
350,s3-lambda-markdown-to-docx-s3,4,1,0,JavaScript,node3
351,image-proxy,5,0,1,Go,node3
352,AthenaSQLITEConnector,29,4,2,Python,node3
353,twilio-conference,42,7,23,JavaScript,node3
354,aws-serverless-financial-functions-mirr,38,19,8,Python,node3
355,dungeon-maestro-slack-bot,3,1,0,Go,node3
356,ssm-sign-proxy,0,2,0,Go,node3
357,twilio-simple-blueprint,42,7,23,JavaScript,node3
358,s3-lambda-svg-to-pdf-s3,1,1,1,JavaScript,node3
359,aws-serverless-financial-functions-pmt,38,19,8,Python,node3
360,kinesis-firehose-process-record-streams-as-source-python,42,7,23,JavaScript,node3
361,OpenIdAuthorizer,3,1,1,C#,node3
362,lambda-create-email-template-ses,2,2,0,JavaScript,node3
363,lambda-slack-handler,0,2,1,JavaScript,node3
364,lambci,3768,96,220,Shell,node3
365,trigger-t2-unlimited-with-sns,3,1,2,Python,node3
366,rev11-attiotbutton-filemakerapi,0,2,0,None,node3
367,deno-hello-world,147,8,2,TypeScript,node3
368,LambdaScale,7,10,2,JavaScript,node3
369,Cribl-S3-To-Snowflake,1,1,2,JavaScript,node3
370,sar-aws-sns-to-slack,1,1,0,Python,node3
371,ACM-DynamoDB-Publisher,0,1,1,Python,node3
372,Find-Places,0,1,0,JavaScript,node3
373,s3-lambda-ffmpeg-aac-wav-to-mp3-s3,5,2,3,JavaScript,node3
374,comment-moderator,0,0,0,JavaScript,node3
375,dynamodb-to-s3-importer,0,1,0,JavaScript,node3
376,url-redirect-https,69,6,27,Makefile,node3
377,failed-emr-info,0,1,1,Python,node3
378,ServerlessCron,69,6,27,Makefile,node3
379,ACM-S3-Publisher,2,1,1,Python,node3
380,lending-app-nodejs6,0,0,0,JavaScript,node3
381,aws-serverless-financial-functions-ppmt,38,19,8,Python,node3
382,Image-to-Textract-Response,0,0,0,Python,node3
383,platform-authorizer,3,4,1,JavaScript,node3
384,ExcelLexBot,8,2,6,Python,node3
385,amazon-connect-outbound-prompt-call,50,3,15,Makefile,node3
386,lambda-logs-athena-example,0,1,0,Python,node3
387,api-lambda-send-templated-email-ses,4,2,0,JavaScript,node3
388,codepipeline-versioner,0,1,0,JavaScript,node3
389,detect-stack-drifts,3,1,1,Python,node3
390,Update-Route53-Record-to-Ec2-PublicIp-Python3,2,1,2,Python,node3
391,Carrier-Info,0,0,0,JavaScript,node3
392,kim-demo,1,2,2,JavaScript,node3
393,lambda-s3-zip,0,1,0,JavaScript,node3
394,aws-services-by-region,0,1,0,Python,node3
395,exif-reader,2,1,2,Perl,node3
396,AWSNewsFeed,2,1,1,Python,node3
397,Slack-Translate,0,0,0,JavaScript,node3
398,aws-serverless-financial-functions-npv,38,19,8,Python,node3
399,aws-serverless-financial-functions-sln,38,19,8,Python,node3
400,LambdaUtilities,0,2,1,Python,node3
401,sagemaker-image-classification,0,2,1,Jupyter Notebook,node3
402,Mill,9,8,0,JavaScript,node3
403,Parameter-Store-ECS-Updater-and-Deployer,2,0,0,Go,node3
404,AWS-Backup-DynamoDB-Rotator,7,1,1,Go,node3
405,twilio-forward,42,7,23,JavaScript,node3
406,text2event,0,0,0,JavaScript,node3
407,ALB-Lambda-Target-UploadFiletoS3,211,22,67,Java,node3
408,Cleaner,0,1,0,Python,node3
409,format-splunk-aws-sns-alert,0,1,0,Python,node3
410,sumologic-process-logs,42,7,23,JavaScript,node3
411,cloudfront-security-group-update-ips,0,1,0,Python,node3
412,S3-Auto-transcriber-and-sentiment-analyzer,2,1,0,JavaScript,node3
413,human-trafficking-goods-indicator-api,0,0,0,Python,node3
414,ThundraNodeJSHelloWorld,9,2,3,JavaScript,node3
415,codepipeline-s3-objects-public-read-multi-buildartifact,0,1,0,JavaScript,node3
416,serverless-uptime-monitor,0,1,0,JavaScript,node3
417,aws-serverless-website-canary,4,1,0,JavaScript,node3
418,aws-serverless-financial-functions-nominal,38,19,8,Python,node3
419,aws-serverless-financial-functions-irr,38,19,8,Python,node3
420,CodePipelineSlackApprover,6,1,0,Ruby,node3
421,s3-signed-urls,4,1,0,JavaScript,node3
422,codedeployhook,0,4,0,Go,node3
423,fqdnService,0,9,0,TypeScript,node3
424,traffic-cop-query-engine,4,3,3,C++,node3
425,signed-links-cognito,0,1,0,JavaScript,node3
426,IoT-Session-Feedback,2,0,0,JavaScript,node3
427,sumologic-jfrog-xray,1,29,1,Python,node3
428,amplify-console-notification,0,1,0,TypeScript,node3
429,lambda-edge-logs-aggregator,2,1,0,Shell,node3
430,birthday-to-age,0,1,0,Go,node3
431,MedPal,1,0,1,JavaScript,node3
432,api-gateway-component,0,2,0,None,node3
433,ship-logs-to-honeycomb,4,1,1,JavaScript,node3
434,DailyQuotes,0,0,0,Python,node3
435,twilio-menu,42,7,23,JavaScript,node3
436,codepipeline-s3-objects-public-read,0,1,2,JavaScript,node3
437,cloudwatch-alarms-macro,16,2,1,JavaScript,node3
438,CitizenDispatch,4,0,1,JavaScript,node3
439,kim-demo2,1,2,2,JavaScript,node3
440,lambda-edge-header-adder-python,0,1,0,Python,node3
441,selfless-service-updates,0,1,0,Python,node3
442,s3-to-dynamodb-importer,6,1,1,JavaScript,node3
443,dynamodb-process-stream-python,42,7,23,JavaScript,node3
444,dynamodb-scaling-event-to-datadog,0,1,0,Python,node3
445,CopyToBucket,0,0,0,JavaScript,node3
446,chime-eks-top,1,1,0,Makefile,node3
447,aws-serverless-financial-functions-nper,38,19,8,Python,node3
448,aws-serverless-financial-functions-rate,38,19,8,Python,node3
449,aws-serverless-financial-functions-fvschedule,38,19,8,Python,node3
450,commentable-rs,4,2,0,Rust,node3
451,cloudfront-cdn,1,1,0,JavaScript,node3
452,sam-alb,3,4,0,Go,node3
453,cloudwatch-logs-janitor,0,0,0,Python,node3
454,buildkite-serverless-agent,11,0,2,Go,node3
455,TwilioMessageReceiver,10,1,2,None,node3
456,serverless-cognito-auth,1,1,0,Go,node3
457,vpc-traffic-mirroring-source-automation,4,4,2,Python,node3
458,logs-insights-to-metric,0,1,0,None,node3
459,ec2-cleanup,0,0,0,Go,node3
460,dynamodb-table-storage-metrics,0,1,0,Python,node3
461,aws-console-sign-in-to-telegram,0,1,0,Python,node3
462,lambda-logs-event-source,0,4,0,JavaScript,node3
463,aws-serverless-financial-functions-effect,38,19,8,Python,node3
464,lambda-layer-mecab-python3,0,1,0,Dockerfile,node3
465,age-nudity-recognizer,0,1,0,Python,node3
466,AWSBlogsFeed,1,2,1,Python,node3
467,eks-auth-update-hook,61,5,26,Makefile,node3
468,aws-serverless-financial-functions-xnpv,38,19,8,Python,node3
469,awscallouts,0,1,0,Python,node3
470,tf-state-store,0,0,0,Makefile,node3
471,SnsEmailForms,0,1,0,TypeScript,node3
472,serverless-data-pipeline,8,2,0,Python,node3
473,aws-bills-to-telegram,1,1,0,Python,node3
474,ExpiryChecker,0,0,0,JavaScript,node3
475,github-webhook-slack-notifier,0,1,0,JavaScript,node3
476,sns-to-telegram,0,0,0,Go,node3
477,GetMetricWidgetImageAndNotifySlack,0,1,1,Python,node3
478,UpdateLambdaLayers,9,0,0,Python,node3
479,step-functions-error-python,42,7,23,JavaScript,node3
480,ecs-task-stats-logger,100,12,64,Python,node3
481,create-databases-in-rds,0,23,0,Python,node3
482,create-databases-is-rds,0,23,0,Python,node3
483,CopyRepoToCodeCommit,2,0,1,Python,node3
484,config-rule-change-triggered,42,7,23,JavaScript,node3
485,step-functions-error,42,7,23,JavaScript,node3
486,logicmonitor-send-eventbridge-events,42,7,23,JavaScript,node3
487,meta-codepipeline,0,1,1,Shell,node3
488,ecs-svc-custom-metrics-logger,100,12,64,Python,node3
489,ssm-parameters-getter-lambda,2,0,1,JavaScript,node3
490,dynamic-security-group-builder,50,3,15,Makefile,node3
491,cloudfront-sg-manager,1,1,0,Python,node3
492,Set-CloudWatch-LogGroup-Expiry,0,3,0,Python,node3
493,dynamodb-process-stream,42,7,23,JavaScript,node3
494,speelycaptor,3,2,0,JavaScript,node3
495,SOSandImageProcessing,0,1,0,None,node3
496,AIImageProcessor,1,0,0,JavaScript,node3
497,api-lambda-send-bulk-templated-email-ses,0,1,0,JavaScript,node3
498,serverless-agentless-honeycomb-publisher,1,0,0,Go,node3
499,dynamodb-local-python,6,0,2,Python,node3
500,serverless-cicd-pipeline,1,1,0,None,node3
501,check-datadog-custom-metrics-usage,0,0,0,JavaScript,node3
502,s3-lambda-sns-demo,1,0,0,Python,node3
503,ThundraPythonHelloWorld,2,3,0,Python,node3
504,GetMetricWidgetImage,0,1,1,Python,node3
505,aws-serverlessrepo-auto-deploy,0,1,0,Python,node3
506,config-rule-periodic,42,7,23,JavaScript,node3
507,acm-cert-validation,0,0,0,Python,node3
